[{"model": "auth.group", "pk": 1, "fields": {"name": "\u0410\u0434\u043c\u0438\u043d", "permissions": []}}, {"model": "auth.group", "pk": 2, "fields": {"name": "\u041a\u043b\u0430\u0434\u043e\u0432\u0449\u0438\u043a", "permissions": []}}, {"model": "auth.group", "pk": 3, "fields": {"name": "\u0414\u0438\u0440\u0435\u043a\u0442\u043e\u0440", "permissions": []}}, {"model": "auth.user", "pk": 1, "fields": {"password": "pbkdf2_sha256$150000$ZY317DxCQ4lh$qKYVmZzJLaRvVeF3TM7pdzu8JeN09iS/GBOPGCcSMMI=", "last_login": "2020-04-18T11:32:19.947Z", "is_superuser": true, "username": "gr", "first_name": "", "last_name": "", "email": "", "is_staff": true, "is_active": true, "date_joined": "2020-02-21T16:02:43Z", "groups": [1], "user_permissions": []}}, {"model": "auth.user", "pk": 2, "fields": {"password": "pbkdf2_sha256$150000$gvozkcb8ecYF$0aA2ELAH2MpyOG+kW0sqBS0vUGDN7TjzZhmPwcZJoF4=", "last_login": "2020-04-10T11:39:53.906Z", "is_superuser": false, "username": "gri", "first_name": "", "last_name": "", "email": "", "is_staff": true, "is_active": true, "date_joined": "2020-03-18T10:18:53Z", "groups": [1], "user_permissions": [1, 2, 3, 4, 13, 14, 15, 16, 9, 10, 11, 12, 5, 6, 7, 8, 69, 70, 71, 72, 17, 18, 19, 20, 77, 78, 79, 80, 73, 74, 75, 76, 25, 26, 27, 28, 37, 38, 39, 40, 65, 66, 67, 68, 57, 58, 59, 60, 61, 62, 63, 64, 29, 30, 31, 32, 41, 42, 43, 44, 45, 46, 47, 48, 49, 50, 51, 52, 53, 54, 55, 56, 33, 34, 35, 36, 81, 82, 83, 84, 85, 86, 87, 88, 21, 22, 23, 24]}}, {"model": "sessions.session", "pk": "akqqbybry24okacuzkgvidp791gk1j2h", "fields": {"session_data": "NTkwMTIwNTg2NjQ3MThlYjEzZTY3MTIxZTU3ZjZlMDU3YzhkMjAyMDp7Il9hdXRoX3VzZXJfYmFja2VuZCI6ImRqYW5nby5jb250cmliLmF1dGguYmFja2VuZHMuTW9kZWxCYWNrZW5kIiwiX2F1dGhfdXNlcl9oYXNoIjoiOGMzNjVkMDA1YmQ0NDMyZjU1ZDYxMzg1MGE1NGVmZWIxNWE1ZDJlOSIsIl9hdXRoX3VzZXJfaWQiOiIxIn0=", "expire_date": "2020-04-23T08:21:34.508Z"}}, {"model": "sessions.session", "pk": "bhok4gez8vd8tjcbn6wf2wfbxgqjxlmr", "fields": {"session_data": "MGE0NzczZTk5NTAzNzBiNGRhNWQ5YjViYWZhZDQ0ZDY5ODgyY2JmMDp7Il9hdXRoX3VzZXJfaWQiOiIxIiwiX2F1dGhfdXNlcl9oYXNoIjoiOGMzNjVkMDA1YmQ0NDMyZjU1ZDYxMzg1MGE1NGVmZWIxNWE1ZDJlOSIsIl9hdXRoX3VzZXJfYmFja2VuZCI6ImRqYW5nby5jb250cmliLmF1dGguYmFja2VuZHMuTW9kZWxCYWNrZW5kIn0=", "expire_date": "2020-04-01T10:54:24.014Z"}}, {"model": "sessions.session", "pk": "cdyx5m76t89d9avt5aiq39e203218q8c", "fields": {"session_data": "NDcxZWVkYTQwMDY3ZmQzODFhYTg0ZGJmZmYyZTFhMjA4NGNjYjZlYTp7Il9hdXRoX3VzZXJfaGFzaCI6IjhjMzY1ZDAwNWJkNDQzMmY1NWQ2MTM4NTBhNTRlZmViMTVhNWQyZTkiLCJfYXV0aF91c2VyX2JhY2tlbmQiOiJkamFuZ28uY29udHJpYi5hdXRoLmJhY2tlbmRzLk1vZGVsQmFja2VuZCIsIl9hdXRoX3VzZXJfaWQiOiIxIn0=", "expire_date": "2020-03-27T11:39:40.064Z"}}, {"model": "sessions.session", "pk": "fnah4jyuy1robctt32hkaln02j8eqpyo", "fields": {"session_data": "MWY0ZDk0N2QwMDYyOWQ0ZTYxMmYxNjI5YjFlZjNiZjcyZjY5ODMzOTp7Il9hdXRoX3VzZXJfaGFzaCI6IjhjMzY1ZDAwNWJkNDQzMmY1NWQ2MTM4NTBhNTRlZmViMTVhNWQyZTkiLCJfYXV0aF91c2VyX2lkIjoiMSIsIl9hdXRoX3VzZXJfYmFja2VuZCI6ImRqYW5nby5jb250cmliLmF1dGguYmFja2VuZHMuTW9kZWxCYWNrZW5kIn0=", "expire_date": "2020-03-06T16:02:58.423Z"}}, {"model": "sessions.session", "pk": "ihkkspqd7zl0g320xrks1n65bj0sqo67", "fields": {"session_data": "MGE0NzczZTk5NTAzNzBiNGRhNWQ5YjViYWZhZDQ0ZDY5ODgyY2JmMDp7Il9hdXRoX3VzZXJfaWQiOiIxIiwiX2F1dGhfdXNlcl9oYXNoIjoiOGMzNjVkMDA1YmQ0NDMyZjU1ZDYxMzg1MGE1NGVmZWIxNWE1ZDJlOSIsIl9hdXRoX3VzZXJfYmFja2VuZCI6ImRqYW5nby5jb250cmliLmF1dGguYmFja2VuZHMuTW9kZWxCYWNrZW5kIn0=", "expire_date": "2020-03-27T11:07:19.850Z"}}, {"model": "sessions.session", "pk": "mkvp1szh9m1ye1bg7v776po41q2xrd3w", "fields": {"session_data": "NDcxZWVkYTQwMDY3ZmQzODFhYTg0ZGJmZmYyZTFhMjA4NGNjYjZlYTp7Il9hdXRoX3VzZXJfaGFzaCI6IjhjMzY1ZDAwNWJkNDQzMmY1NWQ2MTM4NTBhNTRlZmViMTVhNWQyZTkiLCJfYXV0aF91c2VyX2JhY2tlbmQiOiJkamFuZ28uY29udHJpYi5hdXRoLmJhY2tlbmRzLk1vZGVsQmFja2VuZCIsIl9hdXRoX3VzZXJfaWQiOiIxIn0=", "expire_date": "2020-04-24T11:47:37.128Z"}}, {"model": "sessions.session", "pk": "nq6ox5p73i3oxv2ojnwvlnv8ukzwus1b", "fields": {"session_data": "ZTRmODgzMmQ5MjYyMzdiZWQ3YTIzNjIxYWM1NjAzMzU1YTFkYzgzMTp7fQ==", "expire_date": "2020-05-02T11:32:19.939Z"}}, {"model": "sessions.session", "pk": "nzou0dw9cb5hn41no1as1njc045lftx9", "fields": {"session_data": "YmE1MzA4NzA0OTc4YTczNzQ3ZmE5NzkyMTQ2Yjk1MmRjMjBlODAxNDp7Il9hdXRoX3VzZXJfaWQiOiIxIiwiX2F1dGhfdXNlcl9iYWNrZW5kIjoiZGphbmdvLmNvbnRyaWIuYXV0aC5iYWNrZW5kcy5Nb2RlbEJhY2tlbmQiLCJfYXV0aF91c2VyX2hhc2giOiI4YzM2NWQwMDViZDQ0MzJmNTVkNjEzODUwYTU0ZWZlYjE1YTVkMmU5In0=", "expire_date": "2020-03-20T16:22:30.541Z"}}, {"model": "sessions.session", "pk": "qowmf6uykrnhdd6i9p5gkylcc9fzmh3c", "fields": {"session_data": "ZDgxZGFlZGU1ODJjZjgzNDg1ZTBiMzhhYTMwMDNiYzBhOTQ0MmNmNDp7Il9hdXRoX3VzZXJfaGFzaCI6IjI5ODdjNDAwMWY3YzVhZDA2ZmZlNzAzYTQ5NWVmNWI0Y2VmOTg4YTUiLCJfYXV0aF91c2VyX2lkIjoiMiIsIl9hdXRoX3VzZXJfYmFja2VuZCI6ImRqYW5nby5jb250cmliLmF1dGguYmFja2VuZHMuTW9kZWxCYWNrZW5kIn0=", "expire_date": "2020-04-01T14:57:41.581Z"}}, {"model": "enter.profile", "pk": 1, "fields": {"user": 1, "base": 45, "bonus": 25, "procent": 2, "enter": "2020-04-10T10:26:15.156Z", "countG": 0, "countB": 0, "restB": 2, "color": "#ff0000", "reserved": false}}, {"model": "enter.profile", "pk": 2, "fields": {"user": 2, "base": 45, "bonus": 25, "procent": 2, "enter": "2020-04-10T11:39:53.924Z", "countG": 0, "countB": 0, "restB": 0, "color": "#55901d", "reserved": false}}, {"model": "main.room", "pk": 1, "fields": {"name": "\u0421\u0432\u0435\u0442\u043b\u0430\u044f", "color": "#ff0000", "font": "#ffffff", "capasity": 1}}, {"model": "main.room", "pk": 2, "fields": {"name": "\u0422\u0435\u043c\u043d\u0430\u044f", "color": "#ff0000", "font": "#ffffff", "capasity": 1}}, {"model": "main.room", "pk": 3, "fields": {"name": "\u041d\u0430\u043f\u0438\u0442\u043a\u0438", "color": "#291a1a", "font": "#ffffff", "capasity": 1}}, {"model": "main.room", "pk": 4, "fields": {"name": "\u0412\u044b\u0440\u0443\u0447\u043a\u0430", "color": "#9ec04e", "font": "#ffffff", "capasity": 1}}, {"model": "main.room", "pk": 5, "fields": {"name": "\u0413\u043e\u0440\u044f\u0447\u0438\u0435 \u0431\u043b\u044e\u0434\u0430", "color": "#e5cfcf", "font": "#ffffff", "capasity": 1}}, {"model": "main.addservice", "pk": 1, "fields": {"name": "dsfdsf", "price": 500}}, {"model": "main.includeservice", "pk": 1, "fields": {"name": "sdf"}}, {"model": "main.includeservice", "pk": 2, "fields": {"name": "wqd"}}, {"model": "main.useservice", "pk": 15, "fields": {"add": 1, "count": 1}}, {"model": "main.useservice", "pk": 16, "fields": {"add": 1, "count": 1}}, {"model": "main.useservice", "pk": 17, "fields": {"add": 1, "count": 1}}, {"model": "main.useservice", "pk": 18, "fields": {"add": 1, "count": 1}}, {"model": "main.discount", "pk": 1, "fields": {"name": "1111", "multiplier": "1.00", "limit_gt": 2, "limit_lt": 2, "free": 1, "days": [1, 2]}}, {"model": "main.discount", "pk": 2, "fields": {"name": "2222", "multiplier": "1.00", "limit_gt": 2, "limit_lt": 2, "free": 1, "days": [5, 6, 7]}}, {"model": "main.tariff", "pk": 1, "fields": {"name": "grizot@mail.ru", "type": "tp", "price": 2, "fix": 0, "limit": 1, "free": 0, "time": "00:00:00", "days": [1, 2, 3, 4, 5, 6, 7], "discounts": []}}, {"model": "main.tariff", "pk": 2, "fields": {"name": "\u043f\u043e\u043d\u0435\u0434\u0435\u043b\u044c\u043d\u0438\u043a\u0432\u0442\u043e\u0440\u043d\u0438\u043a", "type": "tp", "price": 0, "fix": 0, "limit": 1, "free": 0, "time": "00:00:00", "days": [1, 2], "discounts": []}}, {"model": "main.tariff", "pk": 3, "fields": {"name": "\u043f\u044f\u0442\u043d\u0438\u0446\u0430", "type": "tp", "price": 0, "fix": 0, "limit": 1, "free": 0, "time": "00:00:00", "days": [5], "discounts": []}}, {"model": "main.tariff", "pk": 4, "fields": {"name": "\u043e\u043d\u043b\u0438\u0432\u0442\u043e\u0440\u043d\u0438\u043a", "type": "tp", "price": 0, "fix": 0, "limit": 1, "free": 0, "time": "00:00:00", "days": [2], "discounts": [1]}}, {"model": "main.tariff", "pk": 5, "fields": {"name": "\u043a\u0440\u043e\u043c\u0435\u0432\u0442\u043e\u0440\u043d\u0438\u043a\u0430", "type": "tp", "price": 0, "fix": 0, "limit": 1, "free": 0, "time": "00:00:00", "days": [1, 3, 4, 5, 6, 7], "discounts": []}}, {"model": "main.cashpay", "pk": 13, "fields": {"amount": 500, "time": "2020-04-14T11:10:54.238Z", "is_payed": false, "is_usersalary": false}}, {"model": "main.cashpay", "pk": 14, "fields": {"amount": 500, "time": "2020-04-14T11:11:35.354Z", "is_payed": false, "is_usersalary": false}}, {"model": "main.cashpay", "pk": 15, "fields": {"amount": 2, "time": "2020-04-14T11:16:08.266Z", "is_payed": false, "is_usersalary": false}}, {"model": "main.cashpay", "pk": 16, "fields": {"amount": 2, "time": "2020-04-14T11:16:08.266Z", "is_payed": false, "is_usersalary": false}}, {"model": "main.cashpay", "pk": 17, "fields": {"amount": 2, "time": "2020-04-14T11:16:25.743Z", "is_payed": false, "is_usersalary": false}}, {"model": "main.cashpay", "pk": 18, "fields": {"amount": 502, "time": "2020-04-14T11:16:25.743Z", "is_payed": false, "is_usersalary": false}}, {"model": "main.cardpay", "pk": 13, "fields": {"amount": 502, "time": "2020-04-14T11:15:47.435Z", "is_payed": false, "is_usersalary": false}}, {"model": "main.cardpay", "pk": 14, "fields": {"amount": 2, "time": "2020-04-14T11:15:47.435Z", "is_payed": false, "is_usersalary": false}}, {"model": "main.company", "pk": 20, "fields": {"CID": 1, "tariff": 1, "discount": null, "count": 2, "payed": 2, "date": "2020-04-14"}}, {"model": "main.company", "pk": 21, "fields": {"CID": 2, "tariff": 1, "discount": null, "count": 4, "payed": 4, "date": "2020-04-14"}}, {"model": "main.session", "pk": 37, "fields": {"SID": "2020041400102", "room": 2, "start_dt": "2020-04-14T11:14:33.454Z", "end_dt": "2020-04-14T11:15:43.187Z", "sum": 0, "is_active": false, "cash": null, "card": 13, "text": "", "dep_card": 0, "dep_cash": 0, "owner": false, "company": 20, "services": [17], "includes": []}}, {"model": "main.session", "pk": 38, "fields": {"SID": "2020041400101", "room": 2, "start_dt": "2020-04-14T11:14:33.477Z", "end_dt": "2020-04-14T11:16:02.296Z", "sum": 0, "is_active": false, "cash": 15, "card": null, "text": "", "dep_card": 0, "dep_cash": 0, "owner": false, "company": 20, "services": [], "includes": []}}, {"model": "main.session", "pk": 39, "fields": {"SID": "2020041400204", "room": 5, "start_dt": "2020-04-14T11:14:42.648Z", "end_dt": "2020-04-14T11:16:22.458Z", "sum": 0, "is_active": false, "cash": 18, "card": null, "text": "", "dep_card": 0, "dep_cash": 0, "owner": false, "company": 21, "services": [18], "includes": []}}, {"model": "main.session", "pk": 40, "fields": {"SID": "2020041400203", "room": 5, "start_dt": "2020-04-14T11:14:42.670Z", "end_dt": "2020-04-14T11:16:22.458Z", "sum": 0, "is_active": false, "cash": 17, "card": null, "text": "", "dep_card": 0, "dep_cash": 0, "owner": false, "company": 21, "services": [], "includes": []}}, {"model": "main.session", "pk": 41, "fields": {"SID": "2020041400202", "room": 5, "start_dt": "2020-04-14T11:14:42.678Z", "end_dt": "2020-04-14T11:16:02.296Z", "sum": 0, "is_active": false, "cash": 16, "card": null, "text": "", "dep_card": 0, "dep_cash": 0, "owner": false, "company": 21, "services": [], "includes": []}}, {"model": "main.session", "pk": 42, "fields": {"SID": "2020041400201", "room": 5, "start_dt": "2020-04-14T11:14:42.684Z", "end_dt": "2020-04-14T11:15:43.187Z", "sum": 0, "is_active": false, "cash": null, "card": 14, "text": "", "dep_card": 0, "dep_cash": 0, "owner": false, "company": 21, "services": [], "includes": []}}, {"model": "booking.booking", "pk": 2, "fields": {"date": "2020-03-12", "time_start": "10:00:00", "time_end": "11:30:00", "persons": 2, "room": 5, "tariff": 1, "discountB": null, "text": "", "name": "\u0412\u044b\u0440\u0443\u0447\u043a\u0430", "phone": "9188504545", "dep_card": 0, "dep_cash": 0, "includes": [2], "services": []}}, {"model": "booking.booking", "pk": 3, "fields": {"date": "2020-03-12", "time_start": "15:30:00", "time_end": "17:30:00", "persons": 4, "room": 2, "tariff": 1, "discountB": null, "text": "", "name": "", "phone": null, "dep_card": 0, "dep_cash": 5, "includes": [2], "services": []}}, {"model": "booking.booking", "pk": 5, "fields": {"date": "2020-03-12", "time_start": "10:30:00", "time_end": "13:30:00", "persons": 4, "room": 2, "tariff": 1, "discountB": null, "text": "", "name": "\u041c\u0430\u0440\u0430\u0442", "phone": "9881234567", "dep_card": 0, "dep_cash": 0, "includes": [1, 2], "services": []}}, {"model": "daycalendar.day", "pk": 1, "fields": {"day": "\u041f\u043e\u043d\u0435\u0434\u0435\u043b\u044c\u043d\u0438\u043a", "num": 0}}, {"model": "daycalendar.day", "pk": 2, "fields": {"day": "\u0412\u0442\u043e\u0440\u043d\u0438\u043a", "num": 1}}, {"model": "daycalendar.day", "pk": 3, "fields": {"day": "\u0421\u0440\u0435\u0434\u0430", "num": 2}}, {"model": "daycalendar.day", "pk": 4, "fields": {"day": "\u0427\u0435\u0442\u0432\u0435\u0440\u0433", "num": 3}}, {"model": "daycalendar.day", "pk": 5, "fields": {"day": "\u041f\u044f\u0442\u043d\u0438\u0446\u0430", "num": 4}}, {"model": "daycalendar.day", "pk": 6, "fields": {"day": "\u0421\u0443\u0431\u0431\u043e\u0442\u0430", "num": 5}}, {"model": "daycalendar.day", "pk": 7, "fields": {"day": "\u0412\u043e\u0441\u043a\u0440\u0435\u0441\u0435\u043d\u044c\u0435", "num": 6}}, {"model": "daycalendar.setting", "pk": 1, "fields": {"cash_now": 8330, "delete_time": 10, "is_print": false, "network": "/", "start": "09:00:00", "end": "23:59:00", "weekend": "03:00:00", "transfer": "17:45:00", "is_build": false}}, {"model": "management.usersalary", "pk": 40, "fields": {"user": 1, "record_type": "\u0420\u0430\u0431\u043e\u0447\u0430\u044f \u0441\u043c\u0435\u043d\u0430", "start": "2020-04-10T10:15:07.353Z", "end": "2020-04-10T10:21:49.252Z", "comment": "", "base": "4.50", "bonus": "2.50", "amount": "0.10", "is_payed": false, "payedProcent": 0}}, {"model": "management.usersalary", "pk": 41, "fields": {"user": 1, "record_type": "\u0420\u0430\u0431\u043e\u0447\u0430\u044f \u0441\u043c\u0435\u043d\u0430", "start": "2020-04-10T10:21:59.415Z", "end": "2020-04-10T10:22:12.330Z", "comment": "", "base": "0.75", "bonus": "0.42", "amount": "0.02", "is_payed": false, "payedProcent": 0}}, {"model": "management.usersalary", "pk": 42, "fields": {"user": 1, "record_type": "\u0420\u0430\u0431\u043e\u0447\u0430\u044f \u0441\u043c\u0435\u043d\u0430", "start": "2020-04-10T10:22:19.339Z", "end": "2020-04-10T10:24:11.688Z", "comment": "", "base": "1.50", "bonus": "0.83", "amount": "0.03", "is_payed": false, "payedProcent": 0}}, {"model": "management.usersalary", "pk": 43, "fields": {"user": 1, "record_type": "\u0420\u0430\u0431\u043e\u0447\u0430\u044f \u0441\u043c\u0435\u043d\u0430", "start": "2020-04-10T10:24:16.874Z", "end": "2020-04-10T10:24:43.874Z", "comment": "", "base": "0.00", "bonus": "0.00", "amount": "0.00", "is_payed": false, "payedProcent": 5}}, {"model": "management.usersalary", "pk": 44, "fields": {"user": 2, "record_type": "\u0420\u0430\u0431\u043e\u0447\u0430\u044f \u0441\u043c\u0435\u043d\u0430", "start": "2020-04-10T10:24:40.797Z", "end": "2020-04-10T10:24:43.891Z", "comment": "", "base": "0.00", "bonus": "0.00", "amount": "0.00", "is_payed": false, "payedProcent": 0}}, {"model": "management.usersalary", "pk": 45, "fields": {"user": 1, "record_type": "\u0420\u0430\u0431\u043e\u0447\u0430\u044f \u0441\u043c\u0435\u043d\u0430", "start": "2020-04-10T10:24:50.050Z", "end": "2020-04-10T10:25:26.126Z", "comment": "", "base": "0.75", "bonus": "0.42", "amount": "0.02", "is_payed": false, "payedProcent": 0}}, {"model": "management.usersalary", "pk": 46, "fields": {"user": 2, "record_type": "\u0420\u0430\u0431\u043e\u0447\u0430\u044f \u0441\u043c\u0435\u043d\u0430", "start": "2020-04-10T10:25:13.040Z", "end": "2020-04-10T10:25:26.141Z", "comment": "", "base": "0.00", "bonus": "0.00", "amount": "0.00", "is_payed": false, "payedProcent": 0}}, {"model": "management.usersalary", "pk": 47, "fields": {"user": 2, "record_type": "\u0420\u0430\u0431\u043e\u0447\u0430\u044f \u0441\u043c\u0435\u043d\u0430", "start": "2020-04-10T10:25:31.816Z", "end": "2020-04-10T10:26:09.799Z", "comment": "", "base": "0.75", "bonus": "0.42", "amount": "0.02", "is_payed": false, "payedProcent": 0}}, {"model": "management.usersalary", "pk": 48, "fields": {"user": 1, "record_type": "\u0420\u0430\u0431\u043e\u0447\u0430\u044f \u0441\u043c\u0435\u043d\u0430", "start": "2020-04-10T10:26:15.156Z", "end": "2020-04-10T11:39:48.154Z", "comment": "", "base": "54.75", "bonus": "30.42", "amount": "1.22", "is_payed": false, "payedProcent": 0}}, {"model": "management.weekend", "pk": 1, "fields": {"name": "asdasdasdasd", "date": "2020-03-19"}}, {"model": "management.moneyoperations", "pk": 1, "fields": {"type": "I", "name": "\u0412\u044b\u0440\u0443\u0447\u043a\u0430", "is_one": true, "is_hidden": true, "is_adminpay": false, "is_readonlyamount": false, "is_revenue": true}}, {"model": "management.typeofmo", "pk": 1, "fields": {"name": "\u0412\u044b\u0440\u0443\u0447\u043a\u0430", "moneyoper": 1}}, {"model": "management.orders", "pk": 2, "fields": {"admin": 1, "date": "2020-04-07T13:59:35.035Z", "amount": 3260, "comment": "\u041d\u0430\u043b.: 1760 \u0440\u0443\u0431., \u041a\u0430\u0440\u0442\u043e\u0439: 1500 \u0440\u0443\u0431.", "name": 1}}, {"model": "management.orders", "pk": 3, "fields": {"admin": 1, "date": "2020-04-09T08:18:29.233Z", "amount": 4246, "comment": "\u041d\u0430\u043b.: 1246 \u0440\u0443\u0431., \u041a\u0430\u0440\u0442\u043e\u0439: 3000 \u0440\u0443\u0431.", "name": 1}}, {"model": "management.orders", "pk": 4, "fields": {"admin": 1, "date": "2020-04-10T09:54:03.308Z", "amount": 500, "comment": "\u041d\u0430\u043b.: 0 \u0440\u0443\u0431., \u041a\u0430\u0440\u0442\u043e\u0439: 500 \u0440\u0443\u0431.", "name": 1}}, {"model": "management.orders", "pk": 5, "fields": {"admin": 1, "date": "2020-04-10T10:04:20.196Z", "amount": 500, "comment": "\u041d\u0430\u043b.: 500 \u0440\u0443\u0431., \u041a\u0430\u0440\u0442\u043e\u0439: 0 \u0440\u0443\u0431.", "name": 1}}, {"model": "management.orders", "pk": 6, "fields": {"admin": 1, "date": "2020-04-10T10:14:33.035Z", "amount": 500, "comment": "\u041d\u0430\u043b.: 500 \u0440\u0443\u0431., \u041a\u0430\u0440\u0442\u043e\u0439: 0 \u0440\u0443\u0431.", "name": 1}}, {"model": "management.orders", "pk": 7, "fields": {"admin": 1, "date": "2020-04-10T10:21:49.260Z", "amount": 1000, "comment": "\u041d\u0430\u043b.: 1000 \u0440\u0443\u0431., \u041a\u0430\u0440\u0442\u043e\u0439: 0 \u0440\u0443\u0431.", "name": 1}}, {"model": "management.orders", "pk": 8, "fields": {"admin": 1, "date": "2020-04-10T10:25:26.147Z", "amount": 500, "comment": "\u041d\u0430\u043b.: 500 \u0440\u0443\u0431., \u041a\u0430\u0440\u0442\u043e\u0439: 0 \u0440\u0443\u0431.", "name": 1}}, {"model": "management.currentplan", "pk": 65, "fields": {"day": 1, "type": "M", "profile": 1, "eveningActivity": false}}, {"model": "management.currentplan", "pk": 66, "fields": {"day": 1, "type": "E", "profile": 1, "eveningActivity": false}}, {"model": "management.currentplan", "pk": 67, "fields": {"day": 1, "type": "R", "profile": 2, "eveningActivity": false}}, {"model": "management.currentplan", "pk": 68, "fields": {"day": 2, "type": "M", "profile": 1, "eveningActivity": false}}, {"model": "management.currentplan", "pk": 69, "fields": {"day": 2, "type": "E", "profile": 2, "eveningActivity": false}}, {"model": "management.currentplan", "pk": 70, "fields": {"day": 2, "type": "R", "profile": 1, "eveningActivity": false}}, {"model": "management.currentplan", "pk": 71, "fields": {"day": 3, "type": "M", "profile": 1, "eveningActivity": false}}, {"model": "management.currentplan", "pk": 72, "fields": {"day": 3, "type": "E", "profile": 2, "eveningActivity": false}}, {"model": "management.currentplan", "pk": 73, "fields": {"day": 3, "type": "R", "profile": 2, "eveningActivity": false}}, {"model": "management.currentplan", "pk": 74, "fields": {"day": 4, "type": "M", "profile": 1, "eveningActivity": false}}, {"model": "management.currentplan", "pk": 75, "fields": {"day": 4, "type": "E", "profile": 1, "eveningActivity": false}}, {"model": "management.currentplan", "pk": 76, "fields": {"day": 4, "type": "R", "profile": 1, "eveningActivity": false}}, {"model": "management.currentplan", "pk": 77, "fields": {"day": 5, "type": "M", "profile": 1, "eveningActivity": false}}, {"model": "management.currentplan", "pk": 78, "fields": {"day": 5, "type": "E", "profile": 1, "eveningActivity": false}}, {"model": "management.currentplan", "pk": 79, "fields": {"day": 5, "type": "R", "profile": 2, "eveningActivity": false}}, {"model": "management.currentplan", "pk": 80, "fields": {"day": 6, "type": "M", "profile": 2, "eveningActivity": false}}, {"model": "management.currentplan", "pk": 81, "fields": {"day": 6, "type": "E", "profile": 2, "eveningActivity": false}}, {"model": "management.currentplan", "pk": 82, "fields": {"day": 6, "type": "R", "profile": 2, "eveningActivity": false}}, {"model": "management.currentplan", "pk": 83, "fields": {"day": 7, "type": "M", "profile": 2, "eveningActivity": false}}, {"model": "management.currentplan", "pk": 84, "fields": {"day": 7, "type": "E", "profile": 2, "eveningActivity": false}}, {"model": "management.currentplan", "pk": 85, "fields": {"day": 7, "type": "R", "profile": 2, "eveningActivity": false}}, {"model": "management.futureplan", "pk": 2, "fields": {"day": 1, "type": "M", "profile": null}}, {"model": "management.futureplan", "pk": 3, "fields": {"day": 1, "type": "E", "profile": null}}, {"model": "management.futureplan", "pk": 4, "fields": {"day": 1, "type": "R", "profile": null}}, {"model": "management.futureplan", "pk": 5, "fields": {"day": 2, "type": "M", "profile": null}}, {"model": "management.futureplan", "pk": 6, "fields": {"day": 2, "type": "E", "profile": null}}, {"model": "management.futureplan", "pk": 7, "fields": {"day": 2, "type": "R", "profile": null}}, {"model": "management.futureplan", "pk": 8, "fields": {"day": 3, "type": "M", "profile": null}}, {"model": "management.futureplan", "pk": 9, "fields": {"day": 3, "type": "E", "profile": null}}, {"model": "management.futureplan", "pk": 10, "fields": {"day": 3, "type": "R", "profile": null}}, {"model": "management.futureplan", "pk": 11, "fields": {"day": 4, "type": "M", "profile": null}}, {"model": "management.futureplan", "pk": 12, "fields": {"day": 4, "type": "E", "profile": null}}, {"model": "management.futureplan", "pk": 13, "fields": {"day": 4, "type": "R", "profile": null}}, {"model": "management.futureplan", "pk": 14, "fields": {"day": 5, "type": "M", "profile": null}}, {"model": "management.futureplan", "pk": 15, "fields": {"day": 5, "type": "E", "profile": null}}, {"model": "management.futureplan", "pk": 16, "fields": {"day": 5, "type": "R", "profile": null}}, {"model": "management.futureplan", "pk": 17, "fields": {"day": 6, "type": "M", "profile": null}}, {"model": "management.futureplan", "pk": 18, "fields": {"day": 6, "type": "E", "profile": null}}, {"model": "management.futureplan", "pk": 19, "fields": {"day": 6, "type": "R", "profile": null}}, {"model": "management.futureplan", "pk": 20, "fields": {"day": 7, "type": "M", "profile": null}}, {"model": "management.futureplan", "pk": 21, "fields": {"day": 7, "type": "E", "profile": null}}, {"model": "management.futureplan", "pk": 22, "fields": {"day": 7, "type": "R", "profile": null}}, {"model": "management.preferences", "pk": 1, "fields": {"day": 1, "type": "M", "pref": "-", "profile": 2}}, {"model": "management.preferences", "pk": 2, "fields": {"day": 1, "type": "E", "pref": "-", "profile": 2}}, {"model": "management.preferences", "pk": 3, "fields": {"day": 2, "type": "M", "pref": "=", "profile": 2}}, {"model": "management.preferences", "pk": 4, "fields": {"day": 2, "type": "E", "pref": "=", "profile": 2}}, {"model": "management.preferences", "pk": 5, "fields": {"day": 3, "type": "M", "pref": "=", "profile": 2}}, {"model": "management.preferences", "pk": 6, "fields": {"day": 3, "type": "E", "pref": "=", "profile": 2}}, {"model": "management.preferences", "pk": 7, "fields": {"day": 4, "type": "M", "pref": "-", "profile": 2}}, {"model": "management.preferences", "pk": 8, "fields": {"day": 4, "type": "E", "pref": "-", "profile": 2}}, {"model": "management.preferences", "pk": 9, "fields": {"day": 5, "type": "M", "pref": "=", "profile": 2}}, {"model": "management.preferences", "pk": 10, "fields": {"day": 5, "type": "E", "pref": "-", "profile": 2}}, {"model": "management.preferences", "pk": 11, "fields": {"day": 6, "type": "M", "pref": "-", "profile": 2}}, {"model": "management.preferences", "pk": 12, "fields": {"day": 6, "type": "E", "pref": "-", "profile": 2}}, {"model": "management.preferences", "pk": 13, "fields": {"day": 7, "type": "M", "pref": "=", "profile": 2}}, {"model": "management.preferences", "pk": 14, "fields": {"day": 7, "type": "E", "pref": "=", "profile": 2}}, {"model": "management.preferences", "pk": 15, "fields": {"day": 1, "type": "M", "pref": "+", "profile": 1}}, {"model": "management.preferences", "pk": 16, "fields": {"day": 1, "type": "E", "pref": "=", "profile": 1}}, {"model": "management.preferences", "pk": 17, "fields": {"day": 2, "type": "M", "pref": "+", "profile": 1}}, {"model": "management.preferences", "pk": 18, "fields": {"day": 2, "type": "E", "pref": "+", "profile": 1}}, {"model": "management.preferences", "pk": 19, "fields": {"day": 3, "type": "M", "pref": "=", "profile": 1}}, {"model": "management.preferences", "pk": 20, "fields": {"day": 3, "type": "E", "pref": "-", "profile": 1}}, {"model": "management.preferences", "pk": 21, "fields": {"day": 4, "type": "M", "pref": "-", "profile": 1}}, {"model": "management.preferences", "pk": 22, "fields": {"day": 4, "type": "E", "pref": "+", "profile": 1}}, {"model": "management.preferences", "pk": 23, "fields": {"day": 5, "type": "M", "pref": "=", "profile": 1}}, {"model": "management.preferences", "pk": 24, "fields": {"day": 5, "type": "E", "pref": "+", "profile": 1}}, {"model": "management.preferences", "pk": 25, "fields": {"day": 6, "type": "M", "pref": "+", "profile": 1}}, {"model": "management.preferences", "pk": 26, "fields": {"day": 6, "type": "E", "pref": "+", "profile": 1}}, {"model": "management.preferences", "pk": 27, "fields": {"day": 7, "type": "M", "pref": "+", "profile": 1}}, {"model": "management.preferences", "pk": 28, "fields": {"day": 7, "type": "E", "pref": "+", "profile": 1}}, {"model": "management.vacantedshifts", "pk": 36, "fields": {"day": 4, "type": "E", "profile": 1}}, {"model": "admin.logentry", "pk": 1, "fields": {"action_time": "2020-02-21T16:03:23.012Z", "user": 1, "content_type": 20, "object_id": "1", "object_repr": "\u041d\u0430\u0441\u0442\u0440\u043e\u0439\u043a\u0438", "action_flag": 1, "change_message": "[{\"added\": {}}]"}}, {"model": "admin.logentry", "pk": 2, "fields": {"action_time": "2020-02-21T16:03:43.767Z", "user": 1, "content_type": 8, "object_id": "1", "object_repr": "\u0421\u0432\u0435\u0442\u043b\u0430\u044f", "action_flag": 1, "change_message": "[{\"added\": {}}]"}}, {"model": "admin.logentry", "pk": 3, "fields": {"action_time": "2020-02-21T16:03:49.413Z", "user": 1, "content_type": 8, "object_id": "2", "object_repr": "\u0422\u0435\u043c\u043d\u0430\u044f", "action_flag": 1, "change_message": "[{\"added\": {}}]"}}, {"model": "admin.logentry", "pk": 4, "fields": {"action_time": "2020-02-21T16:04:03.413Z", "user": 1, "content_type": 14, "object_id": "1", "object_repr": "grizot@mail.ru", "action_flag": 1, "change_message": "[{\"added\": {}}]"}}, {"model": "admin.logentry", "pk": 5, "fields": {"action_time": "2020-02-21T16:04:18.319Z", "user": 1, "content_type": 19, "object_id": "1", "object_repr": "\u041f\u043e\u043d\u0435\u0434\u0435\u043b\u044c\u043d\u0438\u043a", "action_flag": 1, "change_message": "[{\"added\": {}}]"}}, {"model": "admin.logentry", "pk": 6, "fields": {"action_time": "2020-02-21T16:04:21.732Z", "user": 1, "content_type": 19, "object_id": "2", "object_repr": "\u0412\u0442\u043e\u0440\u043d\u0438\u043a", "action_flag": 1, "change_message": "[{\"added\": {}}]"}}, {"model": "admin.logentry", "pk": 7, "fields": {"action_time": "2020-02-21T16:04:24.925Z", "user": 1, "content_type": 19, "object_id": "3", "object_repr": "\u0421\u0440\u0435\u0434\u0430", "action_flag": 1, "change_message": "[{\"added\": {}}]"}}, {"model": "admin.logentry", "pk": 8, "fields": {"action_time": "2020-02-21T16:04:28.149Z", "user": 1, "content_type": 19, "object_id": "4", "object_repr": "\u0427\u0435\u0442\u0432\u0435\u0440\u0433", "action_flag": 1, "change_message": "[{\"added\": {}}]"}}, {"model": "admin.logentry", "pk": 9, "fields": {"action_time": "2020-02-21T16:04:31.908Z", "user": 1, "content_type": 19, "object_id": "5", "object_repr": "\u041f\u044f\u0442\u043d\u0438\u0446\u0430", "action_flag": 1, "change_message": "[{\"added\": {}}]"}}, {"model": "admin.logentry", "pk": 10, "fields": {"action_time": "2020-02-21T16:04:35.552Z", "user": 1, "content_type": 19, "object_id": "6", "object_repr": "\u0421\u0443\u0431\u0431\u043e\u0442\u0430", "action_flag": 1, "change_message": "[{\"added\": {}}]"}}, {"model": "admin.logentry", "pk": 11, "fields": {"action_time": "2020-02-21T16:04:39.924Z", "user": 1, "content_type": 19, "object_id": "7", "object_repr": "\u0412\u043e\u0441\u043a\u0440\u0435\u0441\u0435\u043d\u044c\u0435", "action_flag": 1, "change_message": "[{\"added\": {}}]"}}, {"model": "admin.logentry", "pk": 12, "fields": {"action_time": "2020-02-21T16:04:55.563Z", "user": 1, "content_type": 14, "object_id": "1", "object_repr": "grizot@mail.ru", "action_flag": 2, "change_message": "[{\"changed\": {\"fields\": [\"days\"]}}]"}}, {"model": "admin.logentry", "pk": 13, "fields": {"action_time": "2020-03-05T10:36:47.051Z", "user": 1, "content_type": 15, "object_id": "5", "object_repr": "2020-03-05 09:07_2_2020022100201", "action_flag": 2, "change_message": "[{\"changed\": {\"fields\": [\"start_dt\"]}}]"}}, {"model": "admin.logentry", "pk": 14, "fields": {"action_time": "2020-03-05T10:37:04.474Z", "user": 1, "content_type": 15, "object_id": "4", "object_repr": "2020-03-05 09:07_2_2020022100202", "action_flag": 2, "change_message": "[{\"changed\": {\"fields\": [\"start_dt\"]}}]"}}, {"model": "admin.logentry", "pk": 15, "fields": {"action_time": "2020-03-05T10:37:15.750Z", "user": 1, "content_type": 15, "object_id": "3", "object_repr": "2020-03-05 11:35_1_2020022100101", "action_flag": 2, "change_message": "[{\"changed\": {\"fields\": [\"start_dt\"]}}]"}}, {"model": "admin.logentry", "pk": 16, "fields": {"action_time": "2020-03-05T10:37:29.292Z", "user": 1, "content_type": 15, "object_id": "2", "object_repr": "2020-03-05 11:35_1_2020022100102", "action_flag": 2, "change_message": "[{\"changed\": {\"fields\": [\"start_dt\"]}}]"}}, {"model": "admin.logentry", "pk": 17, "fields": {"action_time": "2020-03-05T10:37:35.617Z", "user": 1, "content_type": 15, "object_id": "1", "object_repr": "2020-03-05 11:35_1_2020022100103", "action_flag": 2, "change_message": "[{\"changed\": {\"fields\": [\"start_dt\"]}}]"}}, {"model": "admin.logentry", "pk": 18, "fields": {"action_time": "2020-03-06T08:20:47.970Z", "user": 1, "content_type": 15, "object_id": "5", "object_repr": "2020-03-06 09:07_2_2020022100201", "action_flag": 2, "change_message": "[{\"changed\": {\"fields\": [\"start_dt\"]}}]"}}, {"model": "admin.logentry", "pk": 19, "fields": {"action_time": "2020-03-06T08:20:52.256Z", "user": 1, "content_type": 15, "object_id": "4", "object_repr": "2020-03-06 09:07_2_2020022100202", "action_flag": 2, "change_message": "[{\"changed\": {\"fields\": [\"start_dt\"]}}]"}}, {"model": "admin.logentry", "pk": 20, "fields": {"action_time": "2020-03-06T08:21:03.798Z", "user": 1, "content_type": 15, "object_id": "3", "object_repr": "2020-03-06 10:35_1_2020022100101", "action_flag": 2, "change_message": "[{\"changed\": {\"fields\": [\"start_dt\"]}}]"}}, {"model": "admin.logentry", "pk": 21, "fields": {"action_time": "2020-03-06T08:21:11.431Z", "user": 1, "content_type": 15, "object_id": "2", "object_repr": "2020-03-06 10:35_1_2020022100102", "action_flag": 2, "change_message": "[{\"changed\": {\"fields\": [\"start_dt\"]}}]"}}, {"model": "admin.logentry", "pk": 22, "fields": {"action_time": "2020-03-06T08:21:18.913Z", "user": 1, "content_type": 15, "object_id": "1", "object_repr": "2020-03-06 10:35_1_2020022100103", "action_flag": 2, "change_message": "[{\"changed\": {\"fields\": [\"start_dt\"]}}]"}}, {"model": "admin.logentry", "pk": 23, "fields": {"action_time": "2020-03-06T08:24:33.474Z", "user": 1, "content_type": 15, "object_id": "5", "object_repr": "2020-03-06 09:37_2_2020022100201", "action_flag": 2, "change_message": "[{\"changed\": {\"fields\": [\"start_dt\"]}}]"}}, {"model": "admin.logentry", "pk": 24, "fields": {"action_time": "2020-03-06T08:24:39.165Z", "user": 1, "content_type": 15, "object_id": "4", "object_repr": "2020-03-06 09:37_2_2020022100202", "action_flag": 2, "change_message": "[{\"changed\": {\"fields\": [\"start_dt\"]}}]"}}, {"model": "admin.logentry", "pk": 25, "fields": {"action_time": "2020-03-06T08:26:02.581Z", "user": 1, "content_type": 15, "object_id": "5", "object_repr": "2020-03-06 09:37_2_2020022100201", "action_flag": 2, "change_message": "[{\"changed\": {\"fields\": [\"room\"]}}]"}}, {"model": "admin.logentry", "pk": 26, "fields": {"action_time": "2020-03-06T08:26:05.989Z", "user": 1, "content_type": 15, "object_id": "4", "object_repr": "2020-03-06 09:37_2_2020022100202", "action_flag": 2, "change_message": "[{\"changed\": {\"fields\": [\"room\"]}}]"}}, {"model": "admin.logentry", "pk": 27, "fields": {"action_time": "2020-03-06T09:02:36.533Z", "user": 1, "content_type": 8, "object_id": "3", "object_repr": "\u041d\u0430\u043f\u0438\u0442\u043a\u0438", "action_flag": 1, "change_message": "[{\"added\": {}}]"}}, {"model": "admin.logentry", "pk": 28, "fields": {"action_time": "2020-03-06T09:02:45.141Z", "user": 1, "content_type": 8, "object_id": "4", "object_repr": "\u0412\u044b\u0440\u0443\u0447\u043a\u0430", "action_flag": 1, "change_message": "[{\"added\": {}}]"}}, {"model": "admin.logentry", "pk": 29, "fields": {"action_time": "2020-03-06T09:02:52.098Z", "user": 1, "content_type": 8, "object_id": "5", "object_repr": "\u0413\u043e\u0440\u044f\u0447\u0438\u0435 \u0431\u043b\u044e\u0434\u0430", "action_flag": 1, "change_message": "[{\"added\": {}}]"}}, {"model": "admin.logentry", "pk": 30, "fields": {"action_time": "2020-03-06T16:23:07.581Z", "user": 1, "content_type": 18, "object_id": "1", "object_repr": "Booking object (1)", "action_flag": 1, "change_message": "[{\"added\": {}}]"}}, {"model": "admin.logentry", "pk": 31, "fields": {"action_time": "2020-03-06T16:47:31.879Z", "user": 1, "content_type": 18, "object_id": "1", "object_repr": "Booking object (1)", "action_flag": 2, "change_message": "[{\"changed\": {\"fields\": [\"date\"]}}]"}}, {"model": "admin.logentry", "pk": 32, "fields": {"action_time": "2020-03-11T14:18:25.354Z", "user": 1, "content_type": 17, "object_id": "1", "object_repr": "sdf", "action_flag": 1, "change_message": "[{\"added\": {}}]"}}, {"model": "admin.logentry", "pk": 33, "fields": {"action_time": "2020-03-11T14:18:28.234Z", "user": 1, "content_type": 17, "object_id": "1", "object_repr": "sdf", "action_flag": 2, "change_message": "[]"}}, {"model": "admin.logentry", "pk": 34, "fields": {"action_time": "2020-03-11T14:18:30.001Z", "user": 1, "content_type": 17, "object_id": "2", "object_repr": "wqd", "action_flag": 1, "change_message": "[{\"added\": {}}]"}}, {"model": "admin.logentry", "pk": 35, "fields": {"action_time": "2020-03-13T11:40:48.669Z", "user": 1, "content_type": 12, "object_id": "1", "object_repr": "dsfdsf", "action_flag": 1, "change_message": "[{\"added\": {}}]"}}, {"model": "admin.logentry", "pk": 36, "fields": {"action_time": "2020-03-18T10:18:53.226Z", "user": 1, "content_type": 3, "object_id": "2", "object_repr": "gri", "action_flag": 1, "change_message": "[{\"added\": {}}]"}}, {"model": "admin.logentry", "pk": 37, "fields": {"action_time": "2020-03-18T10:19:09.122Z", "user": 1, "content_type": 3, "object_id": "2", "object_repr": "gri", "action_flag": 2, "change_message": "[{\"changed\": {\"fields\": [\"is_staff\"]}}]"}}, {"model": "admin.logentry", "pk": 38, "fields": {"action_time": "2020-03-18T10:19:31.442Z", "user": 1, "content_type": 2, "object_id": "1", "object_repr": "\u0410\u0434\u043c\u0438\u043d", "action_flag": 1, "change_message": "[{\"added\": {}}]"}}, {"model": "admin.logentry", "pk": 39, "fields": {"action_time": "2020-03-18T10:19:36.471Z", "user": 1, "content_type": 2, "object_id": "2", "object_repr": "\u041a\u043b\u0430\u0434\u043e\u0432\u0449\u0438\u043a", "action_flag": 1, "change_message": "[{\"added\": {}}]"}}, {"model": "admin.logentry", "pk": 40, "fields": {"action_time": "2020-03-18T10:19:43.399Z", "user": 1, "content_type": 2, "object_id": "3", "object_repr": "\u0414\u0438\u0440\u0435\u043a\u0442\u043e\u0440", "action_flag": 1, "change_message": "[{\"added\": {}}]"}}, {"model": "admin.logentry", "pk": 41, "fields": {"action_time": "2020-03-18T10:19:51.618Z", "user": 1, "content_type": 3, "object_id": "2", "object_repr": "gri", "action_flag": 2, "change_message": "[{\"changed\": {\"fields\": [\"groups\"]}}]"}}, {"model": "admin.logentry", "pk": 42, "fields": {"action_time": "2020-03-18T10:19:57.715Z", "user": 1, "content_type": 3, "object_id": "1", "object_repr": "gr", "action_flag": 2, "change_message": "[{\"changed\": {\"fields\": [\"groups\"]}}]"}}, {"model": "admin.logentry", "pk": 43, "fields": {"action_time": "2020-03-18T10:20:35.248Z", "user": 1, "content_type": 7, "object_id": "2", "object_repr": "gri", "action_flag": 2, "change_message": "[{\"changed\": {\"fields\": [\"color\"]}}]"}}, {"model": "admin.logentry", "pk": 44, "fields": {"action_time": "2020-03-18T10:20:41.659Z", "user": 1, "content_type": 7, "object_id": "2", "object_repr": "gri", "action_flag": 2, "change_message": "[{\"changed\": {\"fields\": [\"color\"]}}]"}}, {"model": "admin.logentry", "pk": 45, "fields": {"action_time": "2020-03-18T10:23:01.239Z", "user": 1, "content_type": 7, "object_id": "2", "object_repr": "gri", "action_flag": 2, "change_message": "[{\"changed\": {\"fields\": [\"reserved\"]}}]"}}, {"model": "admin.logentry", "pk": 46, "fields": {"action_time": "2020-03-18T10:54:09.347Z", "user": 1, "content_type": 20, "object_id": "1", "object_repr": "\u041d\u0430\u0441\u0442\u0440\u043e\u0439\u043a\u0438", "action_flag": 2, "change_message": "[{\"changed\": {\"fields\": [\"start\"]}}]"}}, {"model": "admin.logentry", "pk": 47, "fields": {"action_time": "2020-03-18T10:55:14.849Z", "user": 1, "content_type": 7, "object_id": "2", "object_repr": "gri", "action_flag": 2, "change_message": "[{\"changed\": {\"fields\": [\"reserved\"]}}]"}}, {"model": "admin.logentry", "pk": 48, "fields": {"action_time": "2020-03-18T10:55:29.752Z", "user": 1, "content_type": 20, "object_id": "1", "object_repr": "\u041d\u0430\u0441\u0442\u0440\u043e\u0439\u043a\u0438", "action_flag": 2, "change_message": "[{\"changed\": {\"fields\": [\"start\"]}}]"}}, {"model": "admin.logentry", "pk": 49, "fields": {"action_time": "2020-03-18T10:55:47.673Z", "user": 1, "content_type": 20, "object_id": "1", "object_repr": "\u041d\u0430\u0441\u0442\u0440\u043e\u0439\u043a\u0438", "action_flag": 2, "change_message": "[{\"changed\": {\"fields\": [\"start\"]}}]"}}, {"model": "admin.logentry", "pk": 50, "fields": {"action_time": "2020-03-18T12:07:41.649Z", "user": 1, "content_type": 20, "object_id": "1", "object_repr": "\u041d\u0430\u0441\u0442\u0440\u043e\u0439\u043a\u0438", "action_flag": 2, "change_message": "[{\"changed\": {\"fields\": [\"end\", \"weekend\"]}}]"}}, {"model": "admin.logentry", "pk": 51, "fields": {"action_time": "2020-03-18T12:11:00.868Z", "user": 1, "content_type": 7, "object_id": "2", "object_repr": "gri", "action_flag": 2, "change_message": "[]"}}, {"model": "admin.logentry", "pk": 52, "fields": {"action_time": "2020-03-18T12:12:10.117Z", "user": 1, "content_type": 21, "object_id": "1", "object_repr": "gri \u0420\u0430\u0431\u043e\u0447\u0430\u044f \u0441\u043c\u0435\u043d\u0430", "action_flag": 3, "change_message": ""}}, {"model": "admin.logentry", "pk": 53, "fields": {"action_time": "2020-03-18T12:12:15.253Z", "user": 1, "content_type": 7, "object_id": "2", "object_repr": "gri", "action_flag": 2, "change_message": "[{\"changed\": {\"fields\": [\"reserved\"]}}]"}}, {"model": "admin.logentry", "pk": 54, "fields": {"action_time": "2020-03-18T12:12:47.223Z", "user": 1, "content_type": 21, "object_id": "2", "object_repr": "gri \u0420\u0430\u0431\u043e\u0447\u0430\u044f \u0441\u043c\u0435\u043d\u0430", "action_flag": 3, "change_message": ""}}, {"model": "admin.logentry", "pk": 55, "fields": {"action_time": "2020-03-18T12:12:52.142Z", "user": 1, "content_type": 7, "object_id": "2", "object_repr": "gri", "action_flag": 2, "change_message": "[{\"changed\": {\"fields\": [\"reserved\"]}}]"}}, {"model": "admin.logentry", "pk": 56, "fields": {"action_time": "2020-03-18T12:13:38.501Z", "user": 1, "content_type": 21, "object_id": "3", "object_repr": "gri \u0420\u0430\u0431\u043e\u0447\u0430\u044f \u0441\u043c\u0435\u043d\u0430", "action_flag": 3, "change_message": ""}}, {"model": "admin.logentry", "pk": 57, "fields": {"action_time": "2020-03-18T12:13:42.707Z", "user": 1, "content_type": 7, "object_id": "2", "object_repr": "gri", "action_flag": 2, "change_message": "[{\"changed\": {\"fields\": [\"reserved\"]}}]"}}, {"model": "admin.logentry", "pk": 58, "fields": {"action_time": "2020-03-18T12:14:46.784Z", "user": 1, "content_type": 20, "object_id": "1", "object_repr": "\u041d\u0430\u0441\u0442\u0440\u043e\u0439\u043a\u0438", "action_flag": 2, "change_message": "[{\"changed\": {\"fields\": [\"end\"]}}]"}}, {"model": "admin.logentry", "pk": 59, "fields": {"action_time": "2020-03-18T12:14:51.562Z", "user": 1, "content_type": 7, "object_id": "2", "object_repr": "gri", "action_flag": 2, "change_message": "[{\"changed\": {\"fields\": [\"reserved\"]}}]"}}, {"model": "admin.logentry", "pk": 60, "fields": {"action_time": "2020-03-18T12:14:57.864Z", "user": 1, "content_type": 21, "object_id": "4", "object_repr": "gri \u0420\u0430\u0431\u043e\u0447\u0430\u044f \u0441\u043c\u0435\u043d\u0430", "action_flag": 3, "change_message": ""}}, {"model": "admin.logentry", "pk": 61, "fields": {"action_time": "2020-03-18T12:15:28.742Z", "user": 1, "content_type": 21, "object_id": "5", "object_repr": "gri \u0420\u0430\u0431\u043e\u0447\u0430\u044f \u0441\u043c\u0435\u043d\u0430", "action_flag": 3, "change_message": ""}}, {"model": "admin.logentry", "pk": 62, "fields": {"action_time": "2020-03-18T12:15:46.761Z", "user": 1, "content_type": 7, "object_id": "2", "object_repr": "gri", "action_flag": 2, "change_message": "[{\"changed\": {\"fields\": [\"reserved\"]}}]"}}, {"model": "admin.logentry", "pk": 63, "fields": {"action_time": "2020-03-18T12:18:15.732Z", "user": 1, "content_type": 21, "object_id": "7", "object_repr": "gri \u0421\u0432\u0435\u0440\u0445\u0443\u0440\u043e\u0447\u043d\u043e", "action_flag": 3, "change_message": ""}}, {"model": "admin.logentry", "pk": 64, "fields": {"action_time": "2020-03-18T12:18:15.735Z", "user": 1, "content_type": 21, "object_id": "6", "object_repr": "gri \u0420\u0430\u0431\u043e\u0447\u0430\u044f \u0441\u043c\u0435\u043d\u0430", "action_flag": 3, "change_message": ""}}, {"model": "admin.logentry", "pk": 65, "fields": {"action_time": "2020-03-18T12:18:19.381Z", "user": 1, "content_type": 7, "object_id": "2", "object_repr": "gri", "action_flag": 2, "change_message": "[{\"changed\": {\"fields\": [\"reserved\"]}}]"}}, {"model": "admin.logentry", "pk": 66, "fields": {"action_time": "2020-03-18T12:18:56.141Z", "user": 1, "content_type": 7, "object_id": "2", "object_repr": "gri", "action_flag": 2, "change_message": "[]"}}, {"model": "admin.logentry", "pk": 67, "fields": {"action_time": "2020-03-18T12:19:00.845Z", "user": 1, "content_type": 20, "object_id": "1", "object_repr": "\u041d\u0430\u0441\u0442\u0440\u043e\u0439\u043a\u0438", "action_flag": 2, "change_message": "[{\"changed\": {\"fields\": [\"end\"]}}]"}}, {"model": "admin.logentry", "pk": 68, "fields": {"action_time": "2020-03-18T12:19:06.497Z", "user": 1, "content_type": 7, "object_id": "2", "object_repr": "gri", "action_flag": 2, "change_message": "[{\"changed\": {\"fields\": [\"reserved\"]}}]"}}, {"model": "admin.logentry", "pk": 69, "fields": {"action_time": "2020-03-18T12:19:23.177Z", "user": 1, "content_type": 7, "object_id": "2", "object_repr": "gri", "action_flag": 2, "change_message": "[{\"changed\": {\"fields\": [\"reserved\"]}}]"}}, {"model": "admin.logentry", "pk": 70, "fields": {"action_time": "2020-03-18T12:20:25.638Z", "user": 1, "content_type": 22, "object_id": "1", "object_repr": "asdasdasdasd  2020-03-19", "action_flag": 1, "change_message": "[{\"added\": {}}]"}}, {"model": "admin.logentry", "pk": 71, "fields": {"action_time": "2020-03-18T12:20:56.341Z", "user": 1, "content_type": 7, "object_id": "2", "object_repr": "gri", "action_flag": 2, "change_message": "[{\"changed\": {\"fields\": [\"reserved\"]}}]"}}, {"model": "admin.logentry", "pk": 72, "fields": {"action_time": "2020-03-18T12:21:04.930Z", "user": 1, "content_type": 20, "object_id": "1", "object_repr": "\u041d\u0430\u0441\u0442\u0440\u043e\u0439\u043a\u0438", "action_flag": 2, "change_message": "[{\"changed\": {\"fields\": [\"end\", \"weekend\"]}}]"}}, {"model": "admin.logentry", "pk": 73, "fields": {"action_time": "2020-03-18T14:13:55.718Z", "user": 1, "content_type": 20, "object_id": "1", "object_repr": "\u041d\u0430\u0441\u0442\u0440\u043e\u0439\u043a\u0438", "action_flag": 2, "change_message": "[{\"changed\": {\"fields\": [\"end\", \"weekend\", \"transfer\"]}}]"}}, {"model": "admin.logentry", "pk": 74, "fields": {"action_time": "2020-03-18T14:16:16.499Z", "user": 1, "content_type": 20, "object_id": "1", "object_repr": "\u041d\u0430\u0441\u0442\u0440\u043e\u0439\u043a\u0438", "action_flag": 2, "change_message": "[]"}}, {"model": "admin.logentry", "pk": 75, "fields": {"action_time": "2020-03-18T14:29:03.560Z", "user": 1, "content_type": 20, "object_id": "1", "object_repr": "\u041d\u0430\u0441\u0442\u0440\u043e\u0439\u043a\u0438", "action_flag": 2, "change_message": "[{\"changed\": {\"fields\": [\"transfer\"]}}]"}}, {"model": "admin.logentry", "pk": 76, "fields": {"action_time": "2020-03-18T14:30:16.787Z", "user": 1, "content_type": 20, "object_id": "1", "object_repr": "\u041d\u0430\u0441\u0442\u0440\u043e\u0439\u043a\u0438", "action_flag": 2, "change_message": "[{\"changed\": {\"fields\": [\"transfer\"]}}]"}}, {"model": "admin.logentry", "pk": 77, "fields": {"action_time": "2020-03-18T14:32:22.226Z", "user": 1, "content_type": 20, "object_id": "1", "object_repr": "\u041d\u0430\u0441\u0442\u0440\u043e\u0439\u043a\u0438", "action_flag": 2, "change_message": "[{\"changed\": {\"fields\": [\"transfer\"]}}]"}}, {"model": "admin.logentry", "pk": 78, "fields": {"action_time": "2020-03-18T14:32:34.746Z", "user": 1, "content_type": 20, "object_id": "1", "object_repr": "\u041d\u0430\u0441\u0442\u0440\u043e\u0439\u043a\u0438", "action_flag": 2, "change_message": "[{\"changed\": {\"fields\": [\"transfer\"]}}]"}}, {"model": "admin.logentry", "pk": 79, "fields": {"action_time": "2020-03-18T14:33:38.215Z", "user": 1, "content_type": 20, "object_id": "1", "object_repr": "\u041d\u0430\u0441\u0442\u0440\u043e\u0439\u043a\u0438", "action_flag": 2, "change_message": "[{\"changed\": {\"fields\": [\"transfer\"]}}]"}}, {"model": "admin.logentry", "pk": 80, "fields": {"action_time": "2020-03-18T14:39:11.658Z", "user": 1, "content_type": 20, "object_id": "1", "object_repr": "\u041d\u0430\u0441\u0442\u0440\u043e\u0439\u043a\u0438", "action_flag": 2, "change_message": "[{\"changed\": {\"fields\": [\"transfer\"]}}]"}}, {"model": "admin.logentry", "pk": 81, "fields": {"action_time": "2020-03-18T14:39:36.331Z", "user": 1, "content_type": 20, "object_id": "1", "object_repr": "\u041d\u0430\u0441\u0442\u0440\u043e\u0439\u043a\u0438", "action_flag": 2, "change_message": "[{\"changed\": {\"fields\": [\"transfer\"]}}]"}}, {"model": "admin.logentry", "pk": 82, "fields": {"action_time": "2020-03-18T14:40:00.589Z", "user": 1, "content_type": 20, "object_id": "1", "object_repr": "\u041d\u0430\u0441\u0442\u0440\u043e\u0439\u043a\u0438", "action_flag": 2, "change_message": "[{\"changed\": {\"fields\": [\"transfer\"]}}]"}}, {"model": "admin.logentry", "pk": 83, "fields": {"action_time": "2020-03-18T14:44:20.887Z", "user": 1, "content_type": 3, "object_id": "2", "object_repr": "gri", "action_flag": 2, "change_message": "[]"}}, {"model": "admin.logentry", "pk": 84, "fields": {"action_time": "2020-03-18T14:47:55.818Z", "user": 1, "content_type": 7, "object_id": "2", "object_repr": "gri", "action_flag": 2, "change_message": "[{\"changed\": {\"fields\": [\"enter\"]}}]"}}, {"model": "admin.logentry", "pk": 85, "fields": {"action_time": "2020-03-18T14:48:52.891Z", "user": 1, "content_type": 7, "object_id": "2", "object_repr": "gri", "action_flag": 2, "change_message": "[{\"changed\": {\"fields\": [\"reserved\"]}}]"}}, {"model": "admin.logentry", "pk": 86, "fields": {"action_time": "2020-03-18T14:49:34.699Z", "user": 1, "content_type": 3, "object_id": "2", "object_repr": "gri", "action_flag": 2, "change_message": "[{\"changed\": {\"fields\": [\"user_permissions\"]}}]"}}, {"model": "admin.logentry", "pk": 87, "fields": {"action_time": "2020-03-18T14:50:39.925Z", "user": 1, "content_type": 7, "object_id": "1", "object_repr": "gr", "action_flag": 2, "change_message": "[{\"changed\": {\"fields\": [\"color\", \"reserved\"]}}]"}}, {"model": "admin.logentry", "pk": 88, "fields": {"action_time": "2020-03-18T14:53:29.968Z", "user": 2, "content_type": 7, "object_id": "2", "object_repr": "gri", "action_flag": 2, "change_message": "[{\"changed\": {\"fields\": [\"reserved\"]}}]"}}, {"model": "admin.logentry", "pk": 89, "fields": {"action_time": "2020-03-18T14:55:18.294Z", "user": 1, "content_type": 7, "object_id": "1", "object_repr": "gr", "action_flag": 2, "change_message": "[{\"changed\": {\"fields\": [\"reserved\"]}}]"}}, {"model": "admin.logentry", "pk": 90, "fields": {"action_time": "2020-03-18T14:56:57.196Z", "user": 2, "content_type": 7, "object_id": "2", "object_repr": "gri", "action_flag": 2, "change_message": "[{\"changed\": {\"fields\": [\"reserved\"]}}]"}}, {"model": "admin.logentry", "pk": 91, "fields": {"action_time": "2020-03-18T14:57:24.191Z", "user": 1, "content_type": 21, "object_id": "23", "object_repr": "gri \u0420\u0430\u0431\u043e\u0447\u0430\u044f \u0441\u043c\u0435\u043d\u0430", "action_flag": 3, "change_message": ""}}, {"model": "admin.logentry", "pk": 92, "fields": {"action_time": "2020-03-18T14:57:24.194Z", "user": 1, "content_type": 21, "object_id": "22", "object_repr": "gr \u0420\u0430\u0431\u043e\u0447\u0430\u044f \u0441\u043c\u0435\u043d\u0430", "action_flag": 3, "change_message": ""}}, {"model": "admin.logentry", "pk": 93, "fields": {"action_time": "2020-03-18T14:57:24.197Z", "user": 1, "content_type": 21, "object_id": "21", "object_repr": "gri \u0420\u0430\u0431\u043e\u0447\u0430\u044f \u0441\u043c\u0435\u043d\u0430", "action_flag": 3, "change_message": ""}}, {"model": "admin.logentry", "pk": 94, "fields": {"action_time": "2020-03-18T14:57:24.200Z", "user": 1, "content_type": 21, "object_id": "20", "object_repr": "gri \u0420\u0430\u0431\u043e\u0447\u0430\u044f \u0441\u043c\u0435\u043d\u0430", "action_flag": 3, "change_message": ""}}, {"model": "admin.logentry", "pk": 95, "fields": {"action_time": "2020-03-18T14:57:24.204Z", "user": 1, "content_type": 21, "object_id": "19", "object_repr": "gr \u0420\u0430\u0431\u043e\u0447\u0430\u044f \u0441\u043c\u0435\u043d\u0430", "action_flag": 3, "change_message": ""}}, {"model": "admin.logentry", "pk": 96, "fields": {"action_time": "2020-03-18T14:57:24.207Z", "user": 1, "content_type": 21, "object_id": "18", "object_repr": "gri \u0420\u0430\u0431\u043e\u0447\u0430\u044f \u0441\u043c\u0435\u043d\u0430", "action_flag": 3, "change_message": ""}}, {"model": "admin.logentry", "pk": 97, "fields": {"action_time": "2020-03-18T14:57:24.210Z", "user": 1, "content_type": 21, "object_id": "17", "object_repr": "gr \u0420\u0430\u0431\u043e\u0447\u0430\u044f \u0441\u043c\u0435\u043d\u0430", "action_flag": 3, "change_message": ""}}, {"model": "admin.logentry", "pk": 98, "fields": {"action_time": "2020-03-18T14:57:24.213Z", "user": 1, "content_type": 21, "object_id": "16", "object_repr": "gr \u0420\u0430\u0431\u043e\u0447\u0430\u044f \u0441\u043c\u0435\u043d\u0430", "action_flag": 3, "change_message": ""}}, {"model": "admin.logentry", "pk": 99, "fields": {"action_time": "2020-03-18T14:57:24.216Z", "user": 1, "content_type": 21, "object_id": "15", "object_repr": "gr \u0420\u0430\u0431\u043e\u0447\u0430\u044f \u0441\u043c\u0435\u043d\u0430", "action_flag": 3, "change_message": ""}}, {"model": "admin.logentry", "pk": 100, "fields": {"action_time": "2020-03-18T14:57:24.218Z", "user": 1, "content_type": 21, "object_id": "14", "object_repr": "gr \u0420\u0430\u0431\u043e\u0447\u0430\u044f \u0441\u043c\u0435\u043d\u0430", "action_flag": 3, "change_message": ""}}, {"model": "admin.logentry", "pk": 101, "fields": {"action_time": "2020-03-18T14:57:24.222Z", "user": 1, "content_type": 21, "object_id": "13", "object_repr": "gri \u0421\u0432\u0435\u0440\u0445\u0443\u0440\u043e\u0447\u043d\u043e", "action_flag": 3, "change_message": ""}}, {"model": "admin.logentry", "pk": 102, "fields": {"action_time": "2020-03-18T14:57:24.224Z", "user": 1, "content_type": 21, "object_id": "12", "object_repr": "gri \u0420\u0430\u0431\u043e\u0447\u0430\u044f \u0441\u043c\u0435\u043d\u0430", "action_flag": 3, "change_message": ""}}, {"model": "admin.logentry", "pk": 103, "fields": {"action_time": "2020-03-18T14:57:24.227Z", "user": 1, "content_type": 21, "object_id": "11", "object_repr": "gri \u0420\u0430\u0431\u043e\u0447\u0430\u044f \u0441\u043c\u0435\u043d\u0430", "action_flag": 3, "change_message": ""}}, {"model": "admin.logentry", "pk": 104, "fields": {"action_time": "2020-03-18T14:57:24.229Z", "user": 1, "content_type": 21, "object_id": "10", "object_repr": "gri \u0420\u0430\u0431\u043e\u0447\u0430\u044f \u0441\u043c\u0435\u043d\u0430", "action_flag": 3, "change_message": ""}}, {"model": "admin.logentry", "pk": 105, "fields": {"action_time": "2020-03-18T14:57:24.233Z", "user": 1, "content_type": 21, "object_id": "9", "object_repr": "gri \u0421\u0432\u0435\u0440\u0445\u0443\u0440\u043e\u0447\u043d\u043e", "action_flag": 3, "change_message": ""}}, {"model": "admin.logentry", "pk": 106, "fields": {"action_time": "2020-03-18T14:57:24.236Z", "user": 1, "content_type": 21, "object_id": "8", "object_repr": "gri \u0420\u0430\u0431\u043e\u0447\u0430\u044f \u0441\u043c\u0435\u043d\u0430", "action_flag": 3, "change_message": ""}}, {"model": "admin.logentry", "pk": 107, "fields": {"action_time": "2020-04-07T12:59:55.975Z", "user": 1, "content_type": 15, "object_id": "9", "object_repr": "2020-04-07 15:15_2_2020031800201", "action_flag": 2, "change_message": "[{\"changed\": {\"fields\": [\"start_dt\", \"end_dt\"]}}]"}}, {"model": "admin.logentry", "pk": 108, "fields": {"action_time": "2020-04-07T13:00:11.864Z", "user": 1, "content_type": 15, "object_id": "8", "object_repr": "2020-04-07 12:00_1_2020031300101", "action_flag": 2, "change_message": "[{\"changed\": {\"fields\": [\"start_dt\", \"end_dt\"]}}]"}}, {"model": "admin.logentry", "pk": 109, "fields": {"action_time": "2020-04-07T13:00:22.209Z", "user": 1, "content_type": 15, "object_id": "7", "object_repr": "2020-04-07 14:40_1_2020031300102", "action_flag": 2, "change_message": "[{\"changed\": {\"fields\": [\"start_dt\", \"end_dt\"]}}]"}}, {"model": "admin.logentry", "pk": 110, "fields": {"action_time": "2020-04-07T13:00:27.673Z", "user": 1, "content_type": 15, "object_id": "6", "object_repr": "2020-04-07 14:40_1_2020031300103", "action_flag": 2, "change_message": "[{\"changed\": {\"fields\": [\"start_dt\", \"end_dt\"]}}]"}}, {"model": "admin.logentry", "pk": 111, "fields": {"action_time": "2020-04-07T13:03:59.536Z", "user": 1, "content_type": 15, "object_id": "9", "object_repr": "2020-04-07 12:15_2_2020031800201", "action_flag": 3, "change_message": ""}}, {"model": "admin.logentry", "pk": 112, "fields": {"action_time": "2020-04-07T13:03:59.542Z", "user": 1, "content_type": 15, "object_id": "8", "object_repr": "2020-04-07 09:00_1_2020031300101", "action_flag": 3, "change_message": ""}}, {"model": "admin.logentry", "pk": 113, "fields": {"action_time": "2020-04-07T13:03:59.545Z", "user": 1, "content_type": 15, "object_id": "7", "object_repr": "2020-04-07 11:40_1_2020031300102", "action_flag": 3, "change_message": ""}}, {"model": "admin.logentry", "pk": 114, "fields": {"action_time": "2020-04-07T13:03:59.549Z", "user": 1, "content_type": 15, "object_id": "6", "object_repr": "2020-04-07 11:40_1_2020031300103", "action_flag": 3, "change_message": ""}}, {"model": "admin.logentry", "pk": 115, "fields": {"action_time": "2020-04-07T13:05:46.907Z", "user": 1, "content_type": 15, "object_id": "12", "object_repr": "2020-04-07 10:05_1_2020040700101", "action_flag": 2, "change_message": "[{\"changed\": {\"fields\": [\"start_dt\"]}}]"}}, {"model": "admin.logentry", "pk": 116, "fields": {"action_time": "2020-04-07T13:05:51.353Z", "user": 1, "content_type": 15, "object_id": "14", "object_repr": "2020-04-07 11:05_3_2020040700301", "action_flag": 2, "change_message": "[{\"changed\": {\"fields\": [\"start_dt\"]}}]"}}, {"model": "admin.logentry", "pk": 117, "fields": {"action_time": "2020-04-07T13:05:55.338Z", "user": 1, "content_type": 15, "object_id": "11", "object_repr": "2020-04-07 10:05_1_2020040700102", "action_flag": 2, "change_message": "[{\"changed\": {\"fields\": [\"start_dt\"]}}]"}}, {"model": "admin.logentry", "pk": 118, "fields": {"action_time": "2020-04-07T13:05:59.643Z", "user": 1, "content_type": 15, "object_id": "10", "object_repr": "2020-04-07 10:05_1_2020040700103", "action_flag": 2, "change_message": "[{\"changed\": {\"fields\": [\"start_dt\"]}}]"}}, {"model": "admin.logentry", "pk": 119, "fields": {"action_time": "2020-04-07T13:30:05.032Z", "user": 1, "content_type": 23, "object_id": "1", "object_repr": "\u0412\u044b\u0440\u0443\u0447\u043a\u0430", "action_flag": 1, "change_message": "[{\"added\": {}}]"}}, {"model": "admin.logentry", "pk": 120, "fields": {"action_time": "2020-04-07T13:30:18.442Z", "user": 1, "content_type": 24, "object_id": "1", "object_repr": "\u0412\u044b\u0440\u0443\u0447\u043a\u0430", "action_flag": 1, "change_message": "[{\"added\": {}}]"}}, {"model": "admin.logentry", "pk": 121, "fields": {"action_time": "2020-04-07T13:33:43.109Z", "user": 1, "content_type": 15, "object_id": "14", "object_repr": "2020-04-07 08:05_3_2020040700301", "action_flag": 3, "change_message": ""}}, {"model": "admin.logentry", "pk": 122, "fields": {"action_time": "2020-04-07T13:33:43.113Z", "user": 1, "content_type": 15, "object_id": "13", "object_repr": "2020-04-07 13:05_2_2020040700201", "action_flag": 3, "change_message": ""}}, {"model": "admin.logentry", "pk": 123, "fields": {"action_time": "2020-04-07T13:33:43.116Z", "user": 1, "content_type": 15, "object_id": "12", "object_repr": "2020-04-07 07:05_1_2020040700101", "action_flag": 3, "change_message": ""}}, {"model": "admin.logentry", "pk": 124, "fields": {"action_time": "2020-04-07T13:33:43.120Z", "user": 1, "content_type": 15, "object_id": "11", "object_repr": "2020-04-07 07:05_1_2020040700102", "action_flag": 3, "change_message": ""}}, {"model": "admin.logentry", "pk": 125, "fields": {"action_time": "2020-04-07T13:33:43.122Z", "user": 1, "content_type": 15, "object_id": "10", "object_repr": "2020-04-07 07:05_1_2020040700103", "action_flag": 3, "change_message": ""}}, {"model": "admin.logentry", "pk": 126, "fields": {"action_time": "2020-04-07T13:33:43.125Z", "user": 1, "content_type": 15, "object_id": "5", "object_repr": "2020-03-06 06:37_2_2020022100201", "action_flag": 3, "change_message": ""}}, {"model": "admin.logentry", "pk": 127, "fields": {"action_time": "2020-04-07T13:33:43.127Z", "user": 1, "content_type": 15, "object_id": "4", "object_repr": "2020-03-06 06:37_2_2020022100202", "action_flag": 3, "change_message": ""}}, {"model": "admin.logentry", "pk": 128, "fields": {"action_time": "2020-04-07T13:33:43.130Z", "user": 1, "content_type": 15, "object_id": "3", "object_repr": "2020-03-06 07:35_1_2020022100101", "action_flag": 3, "change_message": ""}}, {"model": "admin.logentry", "pk": 129, "fields": {"action_time": "2020-04-07T13:33:43.134Z", "user": 1, "content_type": 15, "object_id": "2", "object_repr": "2020-03-06 07:35_1_2020022100102", "action_flag": 3, "change_message": ""}}, {"model": "admin.logentry", "pk": 130, "fields": {"action_time": "2020-04-07T13:33:43.137Z", "user": 1, "content_type": 15, "object_id": "1", "object_repr": "2020-03-06 07:35_1_2020022100103", "action_flag": 3, "change_message": ""}}, {"model": "admin.logentry", "pk": 131, "fields": {"action_time": "2020-04-07T13:33:49.372Z", "user": 1, "content_type": 11, "object_id": "4", "object_repr": "2020-04-07 13:07:49.461790+00:00", "action_flag": 3, "change_message": ""}}, {"model": "admin.logentry", "pk": 132, "fields": {"action_time": "2020-04-07T13:33:49.378Z", "user": 1, "content_type": 11, "object_id": "3", "object_repr": "2020-04-07 13:07:49.461790+00:00", "action_flag": 3, "change_message": ""}}, {"model": "admin.logentry", "pk": 133, "fields": {"action_time": "2020-04-07T13:33:49.393Z", "user": 1, "content_type": 11, "object_id": "2", "object_repr": "2020-04-07 13:07:49.461790+00:00", "action_flag": 3, "change_message": ""}}, {"model": "admin.logentry", "pk": 134, "fields": {"action_time": "2020-04-07T13:33:49.398Z", "user": 1, "content_type": 11, "object_id": "1", "object_repr": "2020-03-13 11:41:04.309833+00:00", "action_flag": 3, "change_message": ""}}, {"model": "admin.logentry", "pk": 135, "fields": {"action_time": "2020-04-07T13:33:56.193Z", "user": 1, "content_type": 9, "object_id": "5", "object_repr": "2020-04-07 13:07:49.461790+00:00", "action_flag": 3, "change_message": ""}}, {"model": "admin.logentry", "pk": 136, "fields": {"action_time": "2020-04-07T13:33:56.201Z", "user": 1, "content_type": 9, "object_id": "4", "object_repr": "2020-04-07 13:07:49.461790+00:00", "action_flag": 3, "change_message": ""}}, {"model": "admin.logentry", "pk": 137, "fields": {"action_time": "2020-04-07T13:33:56.207Z", "user": 1, "content_type": 9, "object_id": "3", "object_repr": "2020-04-07 13:07:49.461790+00:00", "action_flag": 3, "change_message": ""}}, {"model": "admin.logentry", "pk": 138, "fields": {"action_time": "2020-04-07T13:33:56.212Z", "user": 1, "content_type": 9, "object_id": "2", "object_repr": "2020-03-18 12:15:56.850007+00:00", "action_flag": 3, "change_message": ""}}, {"model": "admin.logentry", "pk": 139, "fields": {"action_time": "2020-04-07T13:33:56.217Z", "user": 1, "content_type": 9, "object_id": "1", "object_repr": "2020-03-13 11:41:04.309833+00:00", "action_flag": 3, "change_message": ""}}, {"model": "admin.logentry", "pk": 140, "fields": {"action_time": "2020-04-07T13:34:04.213Z", "user": 1, "content_type": 10, "object_id": "4", "object_repr": "SID \u043a\u043b\u0438\u0435\u043d\u0442\u0430:  None - dsfdsf", "action_flag": 3, "change_message": ""}}, {"model": "admin.logentry", "pk": 141, "fields": {"action_time": "2020-04-07T13:34:04.223Z", "user": 1, "content_type": 10, "object_id": "3", "object_repr": "SID \u043a\u043b\u0438\u0435\u043d\u0442\u0430:  None - dsfdsf", "action_flag": 3, "change_message": ""}}, {"model": "admin.logentry", "pk": 142, "fields": {"action_time": "2020-04-07T13:34:04.230Z", "user": 1, "content_type": 10, "object_id": "2", "object_repr": "SID \u043a\u043b\u0438\u0435\u043d\u0442\u0430:  None - dsfdsf", "action_flag": 3, "change_message": ""}}, {"model": "admin.logentry", "pk": 143, "fields": {"action_time": "2020-04-07T13:34:04.236Z", "user": 1, "content_type": 10, "object_id": "1", "object_repr": "SID \u043a\u043b\u0438\u0435\u043d\u0442\u0430:  None - dsfdsf", "action_flag": 3, "change_message": ""}}, {"model": "admin.logentry", "pk": 144, "fields": {"action_time": "2020-04-07T13:34:52.265Z", "user": 1, "content_type": 15, "object_id": "19", "object_repr": "2020-04-07 10:34_6_2020040700601", "action_flag": 2, "change_message": "[{\"changed\": {\"fields\": [\"start_dt\"]}}]"}}, {"model": "admin.logentry", "pk": 145, "fields": {"action_time": "2020-04-07T13:34:56.761Z", "user": 1, "content_type": 15, "object_id": "18", "object_repr": "2020-04-07 10:34_6_2020040700602", "action_flag": 2, "change_message": "[{\"changed\": {\"fields\": [\"start_dt\"]}}]"}}, {"model": "admin.logentry", "pk": 146, "fields": {"action_time": "2020-04-07T13:35:00.922Z", "user": 1, "content_type": 15, "object_id": "17", "object_repr": "2020-04-07 10:34_6_2020040700603", "action_flag": 2, "change_message": "[{\"changed\": {\"fields\": [\"start_dt\"]}}]"}}, {"model": "admin.logentry", "pk": 147, "fields": {"action_time": "2020-04-07T13:35:05.677Z", "user": 1, "content_type": 15, "object_id": "16", "object_repr": "2020-04-07 11:34_5_2020040700501", "action_flag": 2, "change_message": "[{\"changed\": {\"fields\": [\"start_dt\"]}}]"}}, {"model": "admin.logentry", "pk": 148, "fields": {"action_time": "2020-04-07T13:50:16.103Z", "user": 1, "content_type": 9, "object_id": "8", "object_repr": "SID \u043a\u043b\u0438\u0435\u043d\u0442\u0430:  2020-04-07 07:34_6_2020040700602 = 180 \u0440.", "action_flag": 2, "change_message": "[{\"changed\": {\"fields\": [\"is_payed\"]}}]"}}, {"model": "admin.logentry", "pk": 149, "fields": {"action_time": "2020-04-07T13:50:18.843Z", "user": 1, "content_type": 9, "object_id": "7", "object_repr": "SID \u043a\u043b\u0438\u0435\u043d\u0442\u0430:  2020-04-07 07:34_6_2020040700601 = 720 \u0440.", "action_flag": 2, "change_message": "[{\"changed\": {\"fields\": [\"is_payed\"]}}]"}}, {"model": "admin.logentry", "pk": 150, "fields": {"action_time": "2020-04-07T13:50:21.558Z", "user": 1, "content_type": 9, "object_id": "6", "object_repr": "SID \u043a\u043b\u0438\u0435\u043d\u0442\u0430:  2020-04-07 08:34_5_2020040700501 = 600 \u0440.", "action_flag": 2, "change_message": "[{\"changed\": {\"fields\": [\"is_payed\"]}}]"}}, {"model": "admin.logentry", "pk": 151, "fields": {"action_time": "2020-04-07T13:50:31.346Z", "user": 1, "content_type": 11, "object_id": "6", "object_repr": "SID \u043a\u043b\u0438\u0435\u043d\u0442\u0430:  2020-04-07 07:34_6_2020040700603 = 1220 \u0440.", "action_flag": 2, "change_message": "[{\"changed\": {\"fields\": [\"is_payed\"]}}]"}}, {"model": "admin.logentry", "pk": 152, "fields": {"action_time": "2020-04-07T13:50:34.176Z", "user": 1, "content_type": 11, "object_id": "5", "object_repr": "SID \u043a\u043b\u0438\u0435\u043d\u0442\u0430:  2020-04-07 07:34_6_2020040700602 = 540 \u0440.", "action_flag": 2, "change_message": "[{\"changed\": {\"fields\": [\"is_payed\"]}}]"}}, {"model": "admin.logentry", "pk": 153, "fields": {"action_time": "2020-04-07T13:50:40.167Z", "user": 1, "content_type": 25, "object_id": "1", "object_repr": "\u0412\u044b\u0440\u0443\u0447\u043a\u0430 --- id:1", "action_flag": 3, "change_message": ""}}, {"model": "admin.logentry", "pk": 154, "fields": {"action_time": "2020-04-07T13:51:04.594Z", "user": 1, "content_type": 21, "object_id": "28", "object_repr": "gri \u0420\u0430\u0431\u043e\u0447\u0430\u044f \u0441\u043c\u0435\u043d\u0430", "action_flag": 3, "change_message": ""}}, {"model": "admin.logentry", "pk": 155, "fields": {"action_time": "2020-04-07T13:51:04.600Z", "user": 1, "content_type": 21, "object_id": "27", "object_repr": "gr \u0420\u0430\u0431\u043e\u0447\u0430\u044f \u0441\u043c\u0435\u043d\u0430", "action_flag": 3, "change_message": ""}}, {"model": "admin.logentry", "pk": 156, "fields": {"action_time": "2020-04-07T13:51:04.602Z", "user": 1, "content_type": 21, "object_id": "26", "object_repr": "gr \u0420\u0430\u0431\u043e\u0447\u0430\u044f \u0441\u043c\u0435\u043d\u0430", "action_flag": 3, "change_message": ""}}, {"model": "admin.logentry", "pk": 157, "fields": {"action_time": "2020-04-07T13:51:04.606Z", "user": 1, "content_type": 21, "object_id": "25", "object_repr": "gr \u0420\u0430\u0431\u043e\u0447\u0430\u044f \u0441\u043c\u0435\u043d\u0430", "action_flag": 3, "change_message": ""}}, {"model": "admin.logentry", "pk": 158, "fields": {"action_time": "2020-04-07T13:51:04.609Z", "user": 1, "content_type": 21, "object_id": "24", "object_repr": "gr \u0420\u0430\u0431\u043e\u0447\u0430\u044f \u0441\u043c\u0435\u043d\u0430", "action_flag": 3, "change_message": ""}}, {"model": "admin.logentry", "pk": 159, "fields": {"action_time": "2020-04-07T13:51:19.869Z", "user": 1, "content_type": 7, "object_id": "1", "object_repr": "gr", "action_flag": 2, "change_message": "[{\"changed\": {\"fields\": [\"enter\"]}}]"}}, {"model": "admin.logentry", "pk": 160, "fields": {"action_time": "2020-04-09T09:57:21.011Z", "user": 1, "content_type": 29, "object_id": "1", "object_repr": "\u041f\u043e\u043d\u0435\u0434\u0435\u043b\u044c\u043d\u0438\u043a \u0423\u0442\u0440\u0435\u043d\u043d\u044f\u044f---", "action_flag": 1, "change_message": "[{\"added\": {}}]"}}, {"model": "admin.logentry", "pk": 161, "fields": {"action_time": "2020-04-09T10:06:15.993Z", "user": 1, "content_type": 7, "object_id": "2", "object_repr": "gri", "action_flag": 2, "change_message": "[{\"changed\": {\"fields\": [\"color\"]}}]"}}, {"model": "admin.logentry", "pk": 162, "fields": {"action_time": "2020-04-09T10:38:41.218Z", "user": 1, "content_type": 28, "object_id": "1", "object_repr": "\u0421\u0440\u0435\u0434\u0430 \u0423\u0442\u0440\u0435\u043d\u043d\u044f\u044f---", "action_flag": 1, "change_message": "[{\"added\": {}}]"}}, {"model": "admin.logentry", "pk": 163, "fields": {"action_time": "2020-04-09T13:26:19.087Z", "user": 1, "content_type": 27, "object_id": "3", "object_repr": "\u0424\u0415\u0419\u041a", "action_flag": 2, "change_message": "[{\"changed\": {\"fields\": [\"pref\"]}}]"}}, {"model": "admin.logentry", "pk": 164, "fields": {"action_time": "2020-04-09T13:26:33.159Z", "user": 1, "content_type": 27, "object_id": "5", "object_repr": "\u0424\u0415\u0419\u041a", "action_flag": 2, "change_message": "[{\"changed\": {\"fields\": [\"pref\"]}}]"}}, {"model": "admin.logentry", "pk": 165, "fields": {"action_time": "2020-04-09T13:26:38.730Z", "user": 1, "content_type": 27, "object_id": "13", "object_repr": "\u0424\u0415\u0419\u041a", "action_flag": 2, "change_message": "[{\"changed\": {\"fields\": [\"pref\"]}}]"}}, {"model": "admin.logentry", "pk": 166, "fields": {"action_time": "2020-04-09T13:26:42.840Z", "user": 1, "content_type": 27, "object_id": "11", "object_repr": "\u0424\u0415\u0419\u041a", "action_flag": 2, "change_message": "[{\"changed\": {\"fields\": [\"pref\"]}}]"}}, {"model": "admin.logentry", "pk": 167, "fields": {"action_time": "2020-04-09T13:39:10.408Z", "user": 1, "content_type": 27, "object_id": "26", "object_repr": "gr-\u0421\u0443\u0431\u0431\u043e\u0442\u0430\u0412\u0435\u0447\u0435\u0440\u043d\u044f\u044f   \u041d\u0435\u0436\u0435\u043b\u0430\u0442\u0435\u043b\u044c\u043d\u043e", "action_flag": 2, "change_message": "[{\"changed\": {\"fields\": [\"pref\"]}}]"}}, {"model": "admin.logentry", "pk": 168, "fields": {"action_time": "2020-04-09T14:02:47.565Z", "user": 1, "content_type": 28, "object_id": "21", "object_repr": "\u0412\u043e\u0441\u043a\u0440\u0435\u0441\u0435\u043d\u044c\u0435 \u0412\u0435\u0447\u0435\u0440\u043d\u044f\u044f gr", "action_flag": 2, "change_message": "[{\"changed\": {\"fields\": [\"profile\"]}}]"}}, {"model": "admin.logentry", "pk": 169, "fields": {"action_time": "2020-04-10T10:03:54.851Z", "user": 1, "content_type": 21, "object_id": "35", "object_repr": "gr \u0420\u0430\u0431\u043e\u0447\u0430\u044f \u0441\u043c\u0435\u043d\u0430", "action_flag": 3, "change_message": ""}}, {"model": "admin.logentry", "pk": 170, "fields": {"action_time": "2020-04-10T10:03:54.857Z", "user": 1, "content_type": 21, "object_id": "34", "object_repr": "gr \u0420\u0430\u0431\u043e\u0447\u0430\u044f \u0441\u043c\u0435\u043d\u0430", "action_flag": 3, "change_message": ""}}, {"model": "admin.logentry", "pk": 171, "fields": {"action_time": "2020-04-10T10:03:54.860Z", "user": 1, "content_type": 21, "object_id": "33", "object_repr": "gr \u0420\u0430\u0431\u043e\u0447\u0430\u044f \u0441\u043c\u0435\u043d\u0430", "action_flag": 3, "change_message": ""}}, {"model": "admin.logentry", "pk": 172, "fields": {"action_time": "2020-04-10T10:03:54.865Z", "user": 1, "content_type": 21, "object_id": "32", "object_repr": "gr \u0420\u0430\u0431\u043e\u0447\u0430\u044f \u0441\u043c\u0435\u043d\u0430", "action_flag": 3, "change_message": ""}}, {"model": "admin.logentry", "pk": 173, "fields": {"action_time": "2020-04-10T10:03:54.868Z", "user": 1, "content_type": 21, "object_id": "31", "object_repr": "gr \u0420\u0430\u0431\u043e\u0447\u0430\u044f \u0441\u043c\u0435\u043d\u0430", "action_flag": 3, "change_message": ""}}, {"model": "admin.logentry", "pk": 174, "fields": {"action_time": "2020-04-10T10:03:54.871Z", "user": 1, "content_type": 21, "object_id": "30", "object_repr": "gr \u0420\u0430\u0431\u043e\u0447\u0430\u044f \u0441\u043c\u0435\u043d\u0430", "action_flag": 3, "change_message": ""}}, {"model": "admin.logentry", "pk": 175, "fields": {"action_time": "2020-04-10T10:03:54.873Z", "user": 1, "content_type": 21, "object_id": "29", "object_repr": "gr \u0420\u0430\u0431\u043e\u0447\u0430\u044f \u0441\u043c\u0435\u043d\u0430", "action_flag": 3, "change_message": ""}}, {"model": "admin.logentry", "pk": 176, "fields": {"action_time": "2020-04-10T10:13:32.080Z", "user": 1, "content_type": 21, "object_id": "37", "object_repr": "gr \u0420\u0430\u0431\u043e\u0447\u0430\u044f \u0441\u043c\u0435\u043d\u0430", "action_flag": 3, "change_message": ""}}, {"model": "admin.logentry", "pk": 177, "fields": {"action_time": "2020-04-10T10:13:32.084Z", "user": 1, "content_type": 21, "object_id": "36", "object_repr": "gr \u0420\u0430\u0431\u043e\u0447\u0430\u044f \u0441\u043c\u0435\u043d\u0430", "action_flag": 3, "change_message": ""}}, {"model": "admin.logentry", "pk": 178, "fields": {"action_time": "2020-04-10T10:13:40.016Z", "user": 1, "content_type": 15, "object_id": "24", "object_repr": "2020-04-10 10:04_9_2020041000901", "action_flag": 3, "change_message": ""}}, {"model": "admin.logentry", "pk": 179, "fields": {"action_time": "2020-04-10T10:13:40.020Z", "user": 1, "content_type": 15, "object_id": "23", "object_repr": "2020-04-10 09:53_8_2020041000801", "action_flag": 3, "change_message": ""}}, {"model": "admin.logentry", "pk": 180, "fields": {"action_time": "2020-04-10T10:13:40.023Z", "user": 1, "content_type": 15, "object_id": "22", "object_repr": "2020-04-09 08:17_7_2020040900701", "action_flag": 3, "change_message": ""}}, {"model": "admin.logentry", "pk": 181, "fields": {"action_time": "2020-04-10T10:13:40.026Z", "user": 1, "content_type": 15, "object_id": "21", "object_repr": "2020-04-09 08:17_7_2020040900702", "action_flag": 3, "change_message": ""}}, {"model": "admin.logentry", "pk": 182, "fields": {"action_time": "2020-04-10T10:13:40.029Z", "user": 1, "content_type": 15, "object_id": "20", "object_repr": "2020-04-09 08:17_7_2020040900703", "action_flag": 3, "change_message": ""}}, {"model": "admin.logentry", "pk": 183, "fields": {"action_time": "2020-04-10T10:13:40.033Z", "user": 1, "content_type": 15, "object_id": "19", "object_repr": "2020-04-07 07:34_6_2020040700601", "action_flag": 3, "change_message": ""}}, {"model": "admin.logentry", "pk": 184, "fields": {"action_time": "2020-04-10T10:13:40.035Z", "user": 1, "content_type": 15, "object_id": "18", "object_repr": "2020-04-07 07:34_6_2020040700602", "action_flag": 3, "change_message": ""}}, {"model": "admin.logentry", "pk": 185, "fields": {"action_time": "2020-04-10T10:13:40.043Z", "user": 1, "content_type": 15, "object_id": "17", "object_repr": "2020-04-07 07:34_6_2020040700603", "action_flag": 3, "change_message": ""}}, {"model": "admin.logentry", "pk": 186, "fields": {"action_time": "2020-04-10T10:13:40.046Z", "user": 1, "content_type": 15, "object_id": "16", "object_repr": "2020-04-07 08:34_5_2020040700501", "action_flag": 3, "change_message": ""}}, {"model": "admin.logentry", "pk": 187, "fields": {"action_time": "2020-04-10T10:13:40.049Z", "user": 1, "content_type": 15, "object_id": "15", "object_repr": "2020-04-07 13:34_4_2020040700401", "action_flag": 3, "change_message": ""}}, {"model": "admin.logentry", "pk": 188, "fields": {"action_time": "2020-04-10T10:13:47.512Z", "user": 1, "content_type": 9, "object_id": "11", "object_repr": "2020-04-10 09:53:55.070657+00:00", "action_flag": 3, "change_message": ""}}, {"model": "admin.logentry", "pk": 189, "fields": {"action_time": "2020-04-10T10:13:47.519Z", "user": 1, "content_type": 9, "object_id": "10", "object_repr": "2020-04-09 08:18:18.776595+00:00", "action_flag": 3, "change_message": ""}}, {"model": "admin.logentry", "pk": 190, "fields": {"action_time": "2020-04-10T10:13:47.525Z", "user": 1, "content_type": 9, "object_id": "9", "object_repr": "2020-04-09 08:18:18.776595+00:00", "action_flag": 3, "change_message": ""}}, {"model": "admin.logentry", "pk": 191, "fields": {"action_time": "2020-04-10T10:13:47.530Z", "user": 1, "content_type": 9, "object_id": "8", "object_repr": "2020-04-07 13:35:43+00:00", "action_flag": 3, "change_message": ""}}, {"model": "admin.logentry", "pk": 192, "fields": {"action_time": "2020-04-10T10:13:47.535Z", "user": 1, "content_type": 9, "object_id": "7", "object_repr": "2020-04-07 13:35:43+00:00", "action_flag": 3, "change_message": ""}}, {"model": "admin.logentry", "pk": 193, "fields": {"action_time": "2020-04-10T10:13:47.545Z", "user": 1, "content_type": 9, "object_id": "6", "object_repr": "2020-04-07 13:35:43+00:00", "action_flag": 3, "change_message": ""}}, {"model": "admin.logentry", "pk": 194, "fields": {"action_time": "2020-04-10T10:13:51.658Z", "user": 1, "content_type": 11, "object_id": "9", "object_repr": "2020-04-10 10:04:15.983797+00:00", "action_flag": 3, "change_message": ""}}, {"model": "admin.logentry", "pk": 195, "fields": {"action_time": "2020-04-10T10:13:51.679Z", "user": 1, "content_type": 11, "object_id": "8", "object_repr": "2020-04-09 08:18:18.776595+00:00", "action_flag": 3, "change_message": ""}}, {"model": "admin.logentry", "pk": 196, "fields": {"action_time": "2020-04-10T10:13:51.684Z", "user": 1, "content_type": 11, "object_id": "7", "object_repr": "2020-04-09 08:18:18.776595+00:00", "action_flag": 3, "change_message": ""}}, {"model": "admin.logentry", "pk": 197, "fields": {"action_time": "2020-04-10T10:13:51.700Z", "user": 1, "content_type": 11, "object_id": "6", "object_repr": "2020-04-07 13:35:43+00:00", "action_flag": 3, "change_message": ""}}, {"model": "admin.logentry", "pk": 198, "fields": {"action_time": "2020-04-10T10:13:51.710Z", "user": 1, "content_type": 11, "object_id": "5", "object_repr": "2020-04-07 13:35:43+00:00", "action_flag": 3, "change_message": ""}}, {"model": "admin.logentry", "pk": 199, "fields": {"action_time": "2020-04-10T10:21:19.454Z", "user": 1, "content_type": 11, "object_id": "10", "object_repr": "SID \u043a\u043b\u0438\u0435\u043d\u0442\u0430:  2020-04-10 10:14_10_2020041001001 = 500 \u0440.", "action_flag": 3, "change_message": ""}}, {"model": "admin.logentry", "pk": 200, "fields": {"action_time": "2020-04-10T10:21:23.549Z", "user": 1, "content_type": 21, "object_id": "39", "object_repr": "gr \u0420\u0430\u0431\u043e\u0447\u0430\u044f \u0441\u043c\u0435\u043d\u0430", "action_flag": 3, "change_message": ""}}, {"model": "admin.logentry", "pk": 201, "fields": {"action_time": "2020-04-10T10:21:23.554Z", "user": 1, "content_type": 21, "object_id": "38", "object_repr": "gr \u0420\u0430\u0431\u043e\u0447\u0430\u044f \u0441\u043c\u0435\u043d\u0430", "action_flag": 3, "change_message": ""}}, {"model": "admin.logentry", "pk": 202, "fields": {"action_time": "2020-04-10T11:17:14.800Z", "user": 1, "content_type": 26, "object_id": "4", "object_repr": "\u041f\u043e\u043d\u0435\u0434\u0435\u043b\u044c\u043d\u0438\u043a \u0412\u0435\u0447\u0435\u0440\u043d\u044f\u044f gr", "action_flag": 3, "change_message": ""}}, {"model": "admin.logentry", "pk": 203, "fields": {"action_time": "2020-04-10T11:17:14.805Z", "user": 1, "content_type": 26, "object_id": "3", "object_repr": "\u041f\u043e\u043d\u0435\u0434\u0435\u043b\u044c\u043d\u0438\u043a \u0423\u0442\u0440\u0435\u043d\u043d\u044f\u044f gr", "action_flag": 3, "change_message": ""}}, {"model": "admin.logentry", "pk": 204, "fields": {"action_time": "2020-04-10T11:17:14.810Z", "user": 1, "content_type": 26, "object_id": "2", "object_repr": "\u041f\u043e\u043d\u0435\u0434\u0435\u043b\u044c\u043d\u0438\u043a \u0412\u0435\u0447\u0435\u0440\u043d\u044f\u044f gr", "action_flag": 3, "change_message": ""}}, {"model": "admin.logentry", "pk": 205, "fields": {"action_time": "2020-04-10T11:17:14.813Z", "user": 1, "content_type": 26, "object_id": "1", "object_repr": "\u041f\u043e\u043d\u0435\u0434\u0435\u043b\u044c\u043d\u0438\u043a \u0423\u0442\u0440\u0435\u043d\u043d\u044f\u044f gr", "action_flag": 3, "change_message": ""}}, {"model": "admin.logentry", "pk": 206, "fields": {"action_time": "2020-04-10T11:33:18.737Z", "user": 1, "content_type": 26, "object_id": "19", "object_repr": "\u0427\u0435\u0442\u0432\u0435\u0440\u0433 \u0420\u0435\u0437\u0435\u0440\u0432\u043d\u0430\u044f gr", "action_flag": 3, "change_message": ""}}, {"model": "admin.logentry", "pk": 207, "fields": {"action_time": "2020-04-10T11:33:18.741Z", "user": 1, "content_type": 26, "object_id": "18", "object_repr": "\u0412\u0442\u043e\u0440\u043d\u0438\u043a \u0420\u0435\u0437\u0435\u0440\u0432\u043d\u0430\u044f gr", "action_flag": 3, "change_message": ""}}, {"model": "admin.logentry", "pk": 208, "fields": {"action_time": "2020-04-10T11:33:18.748Z", "user": 1, "content_type": 26, "object_id": "17", "object_repr": "\u041f\u043e\u043d\u0435\u0434\u0435\u043b\u044c\u043d\u0438\u043a \u0412\u0435\u0447\u0435\u0440\u043d\u044f\u044f gr", "action_flag": 3, "change_message": ""}}, {"model": "admin.logentry", "pk": 209, "fields": {"action_time": "2020-04-10T11:33:18.751Z", "user": 1, "content_type": 26, "object_id": "16", "object_repr": "\u041f\u044f\u0442\u043d\u0438\u0446\u0430 \u0423\u0442\u0440\u0435\u043d\u043d\u044f\u044f gr", "action_flag": 3, "change_message": ""}}, {"model": "admin.logentry", "pk": 210, "fields": {"action_time": "2020-04-10T11:33:18.754Z", "user": 1, "content_type": 26, "object_id": "15", "object_repr": "\u0421\u0440\u0435\u0434\u0430 \u0423\u0442\u0440\u0435\u043d\u043d\u044f\u044f gr", "action_flag": 3, "change_message": ""}}, {"model": "admin.logentry", "pk": 211, "fields": {"action_time": "2020-04-10T11:33:18.757Z", "user": 1, "content_type": 26, "object_id": "14", "object_repr": "\u041f\u043e\u043d\u0435\u0434\u0435\u043b\u044c\u043d\u0438\u043a \u0423\u0442\u0440\u0435\u043d\u043d\u044f\u044f gr", "action_flag": 3, "change_message": ""}}, {"model": "admin.logentry", "pk": 212, "fields": {"action_time": "2020-04-10T11:33:18.760Z", "user": 1, "content_type": 26, "object_id": "11", "object_repr": "\u0427\u0435\u0442\u0432\u0435\u0440\u0433 \u0412\u0435\u0447\u0435\u0440\u043d\u044f\u044f gr", "action_flag": 3, "change_message": ""}}, {"model": "admin.logentry", "pk": 213, "fields": {"action_time": "2020-04-10T11:33:18.762Z", "user": 1, "content_type": 26, "object_id": "10", "object_repr": "\u0427\u0435\u0442\u0432\u0435\u0440\u0433 \u0423\u0442\u0440\u0435\u043d\u043d\u044f\u044f gr", "action_flag": 3, "change_message": ""}}, {"model": "admin.logentry", "pk": 214, "fields": {"action_time": "2020-04-10T11:35:44.285Z", "user": 1, "content_type": 26, "object_id": "26", "object_repr": "\u0412\u0442\u043e\u0440\u043d\u0438\u043a \u0423\u0442\u0440\u0435\u043d\u043d\u044f\u044f gr", "action_flag": 3, "change_message": ""}}, {"model": "admin.logentry", "pk": 215, "fields": {"action_time": "2020-04-10T11:35:44.289Z", "user": 1, "content_type": 26, "object_id": "25", "object_repr": "\u041f\u043e\u043d\u0435\u0434\u0435\u043b\u044c\u043d\u0438\u043a \u0423\u0442\u0440\u0435\u043d\u043d\u044f\u044f gr", "action_flag": 3, "change_message": ""}}, {"model": "admin.logentry", "pk": 216, "fields": {"action_time": "2020-04-10T11:35:44.291Z", "user": 1, "content_type": 26, "object_id": "24", "object_repr": "\u041f\u044f\u0442\u043d\u0438\u0446\u0430 \u0412\u0435\u0447\u0435\u0440\u043d\u044f\u044f gr", "action_flag": 3, "change_message": ""}}, {"model": "admin.logentry", "pk": 217, "fields": {"action_time": "2020-04-10T11:35:44.295Z", "user": 1, "content_type": 26, "object_id": "22", "object_repr": "\u0427\u0435\u0442\u0432\u0435\u0440\u0433 \u0423\u0442\u0440\u0435\u043d\u043d\u044f\u044f gr", "action_flag": 3, "change_message": ""}}, {"model": "admin.logentry", "pk": 218, "fields": {"action_time": "2020-04-10T11:35:44.297Z", "user": 1, "content_type": 26, "object_id": "21", "object_repr": "\u0427\u0435\u0442\u0432\u0435\u0440\u0433 \u0420\u0435\u0437\u0435\u0440\u0432\u043d\u0430\u044f gr", "action_flag": 3, "change_message": ""}}, {"model": "admin.logentry", "pk": 219, "fields": {"action_time": "2020-04-10T11:38:04.601Z", "user": 1, "content_type": 26, "object_id": "31", "object_repr": "\u0427\u0435\u0442\u0432\u0435\u0440\u0433 \u0420\u0435\u0437\u0435\u0440\u0432\u043d\u0430\u044f gr", "action_flag": 3, "change_message": ""}}, {"model": "admin.logentry", "pk": 220, "fields": {"action_time": "2020-04-10T11:38:04.605Z", "user": 1, "content_type": 26, "object_id": "29", "object_repr": "\u0427\u0435\u0442\u0432\u0435\u0440\u0433 \u0412\u0435\u0447\u0435\u0440\u043d\u044f\u044f gr", "action_flag": 3, "change_message": ""}}, {"model": "admin.logentry", "pk": 221, "fields": {"action_time": "2020-04-10T11:38:04.610Z", "user": 1, "content_type": 26, "object_id": "28", "object_repr": "\u0427\u0435\u0442\u0432\u0435\u0440\u0433 \u0423\u0442\u0440\u0435\u043d\u043d\u044f\u044f gr", "action_flag": 3, "change_message": ""}}, {"model": "admin.logentry", "pk": 222, "fields": {"action_time": "2020-04-14T11:09:59.697Z", "user": 1, "content_type": 15, "object_id": "31", "object_repr": "2020-04-14 11:08_13_2020041401301", "action_flag": 3, "change_message": ""}}, {"model": "admin.logentry", "pk": 223, "fields": {"action_time": "2020-04-14T11:09:59.701Z", "user": 1, "content_type": 15, "object_id": "30", "object_repr": "2020-04-14 11:08_13_2020041401302", "action_flag": 3, "change_message": ""}}, {"model": "admin.logentry", "pk": 224, "fields": {"action_time": "2020-04-14T11:09:59.704Z", "user": 1, "content_type": 15, "object_id": "29", "object_repr": "2020-04-14 11:08_13_2020041401303", "action_flag": 3, "change_message": ""}}, {"model": "admin.logentry", "pk": 225, "fields": {"action_time": "2020-04-14T11:09:59.707Z", "user": 1, "content_type": 15, "object_id": "28", "object_repr": "2020-04-14 11:08_13_2020041401304", "action_flag": 3, "change_message": ""}}, {"model": "admin.logentry", "pk": 226, "fields": {"action_time": "2020-04-14T11:09:59.711Z", "user": 1, "content_type": 15, "object_id": "27", "object_repr": "2020-04-10 10:25_12_2020041001201", "action_flag": 3, "change_message": ""}}, {"model": "admin.logentry", "pk": 227, "fields": {"action_time": "2020-04-14T11:09:59.713Z", "user": 1, "content_type": 15, "object_id": "26", "object_repr": "2020-04-10 10:21_11_2020041001101", "action_flag": 3, "change_message": ""}}, {"model": "admin.logentry", "pk": 228, "fields": {"action_time": "2020-04-14T11:10:10.325Z", "user": 1, "content_type": 13, "object_id": "17", "object_repr": "13", "action_flag": 3, "change_message": ""}}, {"model": "admin.logentry", "pk": 229, "fields": {"action_time": "2020-04-14T11:10:10.329Z", "user": 1, "content_type": 13, "object_id": "16", "object_repr": "12", "action_flag": 3, "change_message": ""}}, {"model": "admin.logentry", "pk": 230, "fields": {"action_time": "2020-04-14T11:10:10.332Z", "user": 1, "content_type": 13, "object_id": "15", "object_repr": "11", "action_flag": 3, "change_message": ""}}, {"model": "admin.logentry", "pk": 231, "fields": {"action_time": "2020-04-14T11:10:10.335Z", "user": 1, "content_type": 13, "object_id": "14", "object_repr": "10", "action_flag": 3, "change_message": ""}}, {"model": "admin.logentry", "pk": 232, "fields": {"action_time": "2020-04-14T11:10:10.338Z", "user": 1, "content_type": 13, "object_id": "13", "object_repr": "9", "action_flag": 3, "change_message": ""}}, {"model": "admin.logentry", "pk": 233, "fields": {"action_time": "2020-04-14T11:10:10.342Z", "user": 1, "content_type": 13, "object_id": "12", "object_repr": "8", "action_flag": 3, "change_message": ""}}, {"model": "admin.logentry", "pk": 234, "fields": {"action_time": "2020-04-14T11:10:10.344Z", "user": 1, "content_type": 13, "object_id": "11", "object_repr": "7", "action_flag": 3, "change_message": ""}}, {"model": "admin.logentry", "pk": 235, "fields": {"action_time": "2020-04-14T11:10:10.348Z", "user": 1, "content_type": 13, "object_id": "10", "object_repr": "6", "action_flag": 3, "change_message": ""}}, {"model": "admin.logentry", "pk": 236, "fields": {"action_time": "2020-04-14T11:10:10.350Z", "user": 1, "content_type": 13, "object_id": "9", "object_repr": "5", "action_flag": 3, "change_message": ""}}, {"model": "admin.logentry", "pk": 237, "fields": {"action_time": "2020-04-14T11:10:10.354Z", "user": 1, "content_type": 13, "object_id": "8", "object_repr": "4", "action_flag": 3, "change_message": ""}}, {"model": "admin.logentry", "pk": 238, "fields": {"action_time": "2020-04-14T11:10:10.357Z", "user": 1, "content_type": 13, "object_id": "7", "object_repr": "3", "action_flag": 3, "change_message": ""}}, {"model": "admin.logentry", "pk": 239, "fields": {"action_time": "2020-04-14T11:10:10.360Z", "user": 1, "content_type": 13, "object_id": "6", "object_repr": "2", "action_flag": 3, "change_message": ""}}, {"model": "admin.logentry", "pk": 240, "fields": {"action_time": "2020-04-14T11:10:10.362Z", "user": 1, "content_type": 13, "object_id": "5", "object_repr": "1", "action_flag": 3, "change_message": ""}}, {"model": "admin.logentry", "pk": 241, "fields": {"action_time": "2020-04-14T11:10:10.366Z", "user": 1, "content_type": 13, "object_id": "4", "object_repr": "2", "action_flag": 3, "change_message": ""}}, {"model": "admin.logentry", "pk": 242, "fields": {"action_time": "2020-04-14T11:10:10.369Z", "user": 1, "content_type": 13, "object_id": "3", "object_repr": "1", "action_flag": 3, "change_message": ""}}, {"model": "admin.logentry", "pk": 243, "fields": {"action_time": "2020-04-14T11:10:10.372Z", "user": 1, "content_type": 13, "object_id": "2", "object_repr": "2", "action_flag": 3, "change_message": ""}}, {"model": "admin.logentry", "pk": 244, "fields": {"action_time": "2020-04-14T11:10:10.375Z", "user": 1, "content_type": 13, "object_id": "1", "object_repr": "1", "action_flag": 3, "change_message": ""}}, {"model": "admin.logentry", "pk": 245, "fields": {"action_time": "2020-04-14T11:10:14.788Z", "user": 1, "content_type": 10, "object_id": "14", "object_repr": "SID \u043a\u043b\u0438\u0435\u043d\u0442\u0430:  None - dsfdsf", "action_flag": 3, "change_message": ""}}, {"model": "admin.logentry", "pk": 246, "fields": {"action_time": "2020-04-14T11:10:14.797Z", "user": 1, "content_type": 10, "object_id": "13", "object_repr": "SID \u043a\u043b\u0438\u0435\u043d\u0442\u0430:  None - dsfdsf", "action_flag": 3, "change_message": ""}}, {"model": "admin.logentry", "pk": 247, "fields": {"action_time": "2020-04-14T11:10:14.804Z", "user": 1, "content_type": 10, "object_id": "12", "object_repr": "SID \u043a\u043b\u0438\u0435\u043d\u0442\u0430:  None - dsfdsf", "action_flag": 3, "change_message": ""}}, {"model": "admin.logentry", "pk": 248, "fields": {"action_time": "2020-04-14T11:10:14.814Z", "user": 1, "content_type": 10, "object_id": "11", "object_repr": "SID \u043a\u043b\u0438\u0435\u043d\u0442\u0430:  None - dsfdsf", "action_flag": 3, "change_message": ""}}, {"model": "admin.logentry", "pk": 249, "fields": {"action_time": "2020-04-14T11:10:14.819Z", "user": 1, "content_type": 10, "object_id": "10", "object_repr": "SID \u043a\u043b\u0438\u0435\u043d\u0442\u0430:  None - dsfdsf", "action_flag": 3, "change_message": ""}}, {"model": "admin.logentry", "pk": 250, "fields": {"action_time": "2020-04-14T11:10:14.824Z", "user": 1, "content_type": 10, "object_id": "9", "object_repr": "SID \u043a\u043b\u0438\u0435\u043d\u0442\u0430:  None - dsfdsf", "action_flag": 3, "change_message": ""}}, {"model": "admin.logentry", "pk": 251, "fields": {"action_time": "2020-04-14T11:10:14.833Z", "user": 1, "content_type": 10, "object_id": "8", "object_repr": "SID \u043a\u043b\u0438\u0435\u043d\u0442\u0430:  None - dsfdsf", "action_flag": 3, "change_message": ""}}, {"model": "admin.logentry", "pk": 252, "fields": {"action_time": "2020-04-14T11:10:14.839Z", "user": 1, "content_type": 10, "object_id": "7", "object_repr": "SID \u043a\u043b\u0438\u0435\u043d\u0442\u0430:  None - dsfdsf", "action_flag": 3, "change_message": ""}}, {"model": "admin.logentry", "pk": 253, "fields": {"action_time": "2020-04-14T11:10:14.843Z", "user": 1, "content_type": 10, "object_id": "6", "object_repr": "SID \u043a\u043b\u0438\u0435\u043d\u0442\u0430:  None - dsfdsf", "action_flag": 3, "change_message": ""}}, {"model": "admin.logentry", "pk": 254, "fields": {"action_time": "2020-04-14T11:10:14.853Z", "user": 1, "content_type": 10, "object_id": "5", "object_repr": "SID \u043a\u043b\u0438\u0435\u043d\u0442\u0430:  None - dsfdsf", "action_flag": 3, "change_message": ""}}, {"model": "admin.logentry", "pk": 255, "fields": {"action_time": "2020-04-14T11:10:19.060Z", "user": 1, "content_type": 9, "object_id": "12", "object_repr": "2020-04-14 11:08:09.082881+00:00", "action_flag": 3, "change_message": ""}}, {"model": "admin.logentry", "pk": 256, "fields": {"action_time": "2020-04-14T11:10:23.671Z", "user": 1, "content_type": 11, "object_id": "12", "object_repr": "2020-04-10 10:25:22.589606+00:00", "action_flag": 3, "change_message": ""}}, {"model": "admin.logentry", "pk": 257, "fields": {"action_time": "2020-04-14T11:10:23.686Z", "user": 1, "content_type": 11, "object_id": "11", "object_repr": "2020-04-10 10:21:44.437429+00:00", "action_flag": 3, "change_message": ""}}, {"model": "admin.logentry", "pk": 258, "fields": {"action_time": "2020-04-14T11:14:08.119Z", "user": 1, "content_type": 13, "object_id": "18", "object_repr": "1", "action_flag": 3, "change_message": ""}}, {"model": "admin.logentry", "pk": 259, "fields": {"action_time": "2020-04-14T11:14:13.597Z", "user": 1, "content_type": 13, "object_id": "19", "object_repr": "2", "action_flag": 3, "change_message": ""}}, {"model": "admin.logentry", "pk": 260, "fields": {"action_time": "2020-04-14T12:11:09.011Z", "user": 1, "content_type": 27, "object_id": "10", "object_repr": "gri-\u041f\u044f\u0442\u043d\u0438\u0446\u0430\u0412\u0435\u0447\u0435\u0440\u043d\u044f\u044f   \u041f\u0440\u0435\u0434\u043f\u043e\u0447\u0442\u0438\u0442\u0435\u043b\u044c\u043d\u043e", "action_flag": 2, "change_message": "[{\"changed\": {\"fields\": [\"pref\"]}}]"}}, {"model": "admin.logentry", "pk": 261, "fields": {"action_time": "2020-04-14T12:11:13.917Z", "user": 1, "content_type": 27, "object_id": "1", "object_repr": "gri-\u041f\u043e\u043d\u0435\u0434\u0435\u043b\u044c\u043d\u0438\u043a\u0423\u0442\u0440\u0435\u043d\u043d\u044f\u044f   \u041f\u0440\u0435\u0434\u043f\u043e\u0447\u0442\u0438\u0442\u0435\u043b\u044c\u043d\u043e", "action_flag": 2, "change_message": "[{\"changed\": {\"fields\": [\"pref\"]}}]"}}, {"model": "admin.logentry", "pk": 262, "fields": {"action_time": "2020-04-14T12:29:15.127Z", "user": 1, "content_type": 27, "object_id": "1", "object_repr": "gri-\u041f\u043e\u043d\u0435\u0434\u0435\u043b\u044c\u043d\u0438\u043a\u0423\u0442\u0440\u0435\u043d\u043d\u044f\u044f   \u041d\u0435\u0436\u0435\u043b\u0430\u0442\u0435\u043b\u044c\u043d\u043e", "action_flag": 2, "change_message": "[{\"changed\": {\"fields\": [\"pref\"]}}]"}}, {"model": "admin.logentry", "pk": 263, "fields": {"action_time": "2020-04-14T12:29:19.614Z", "user": 1, "content_type": 27, "object_id": "10", "object_repr": "gri-\u041f\u044f\u0442\u043d\u0438\u0446\u0430\u0412\u0435\u0447\u0435\u0440\u043d\u044f\u044f   \u041d\u0435\u0436\u0435\u043b\u0430\u0442\u0435\u043b\u044c\u043d\u043e", "action_flag": 2, "change_message": "[{\"changed\": {\"fields\": [\"pref\"]}}]"}}, {"model": "admin.logentry", "pk": 264, "fields": {"action_time": "2020-04-14T13:35:08.185Z", "user": 1, "content_type": 14, "object_id": "2", "object_repr": "\u043f\u043e\u043d\u0435\u0434\u0435\u043b\u044c\u043d\u0438\u043a\u0432\u0442\u043e\u0440\u043d\u0438\u043a", "action_flag": 1, "change_message": "[{\"added\": {}}]"}}, {"model": "admin.logentry", "pk": 265, "fields": {"action_time": "2020-04-14T13:35:15.152Z", "user": 1, "content_type": 14, "object_id": "3", "object_repr": "\u043f\u044f\u0442\u043d\u0438\u0446\u0430", "action_flag": 1, "change_message": "[{\"added\": {}}]"}}, {"model": "admin.logentry", "pk": 266, "fields": {"action_time": "2020-04-14T13:35:23.089Z", "user": 1, "content_type": 14, "object_id": "4", "object_repr": "\u043e\u043d\u043b\u0438\u0432\u0442\u043e\u0440\u043d\u0438\u043a", "action_flag": 1, "change_message": "[{\"added\": {}}]"}}, {"model": "admin.logentry", "pk": 267, "fields": {"action_time": "2020-04-14T13:35:32.358Z", "user": 1, "content_type": 14, "object_id": "5", "object_repr": "\u043a\u0440\u043e\u043c\u0435\u0432\u0442\u043e\u0440\u043d\u0438\u043a\u0430", "action_flag": 1, "change_message": "[{\"added\": {}}]"}}, {"model": "admin.logentry", "pk": 268, "fields": {"action_time": "2020-04-14T13:39:59.563Z", "user": 1, "content_type": 16, "object_id": "1", "object_repr": "1111", "action_flag": 1, "change_message": "[{\"added\": {}}]"}}, {"model": "admin.logentry", "pk": 269, "fields": {"action_time": "2020-04-14T13:40:01.257Z", "user": 1, "content_type": 16, "object_id": "1", "object_repr": "1111", "action_flag": 2, "change_message": "[]"}}, {"model": "admin.logentry", "pk": 270, "fields": {"action_time": "2020-04-14T13:40:05.918Z", "user": 1, "content_type": 16, "object_id": "2", "object_repr": "2222", "action_flag": 1, "change_message": "[{\"added\": {}}]"}}, {"model": "admin.logentry", "pk": 271, "fields": {"action_time": "2020-04-14T13:40:14.117Z", "user": 1, "content_type": 14, "object_id": "4", "object_repr": "\u043e\u043d\u043b\u0438\u0432\u0442\u043e\u0440\u043d\u0438\u043a", "action_flag": 2, "change_message": "[{\"changed\": {\"fields\": [\"discounts\"]}}]"}}, {"model": "dashboard.dashboardpreferences", "pk": 1, "fields": {"user": 1, "data": "{\"positions\":[\"module_7\",\"module_5\",\"module_4\",\"module_8\",\"module_3\",\"module_2\",\"module_6\"],\"columns\":[5,3],\"disabled\":{},\"collapsed\":{}}", "dashboard_id": "dashboard"}}, {"model": "dashboard.dashboardpreferences", "pk": 2, "fields": {"user": 1, "data": "{}", "dashboard_id": "main-dashboard"}}, {"model": "dashboard.dashboardpreferences", "pk": 3, "fields": {"user": 1, "data": "{}", "dashboard_id": "booking-dashboard"}}, {"model": "dashboard.dashboardpreferences", "pk": 4, "fields": {"user": 1, "data": "{}", "dashboard_id": "-dashboard"}}]